image_id,llava_med_head,clip_probe_head
ISIC_0000000,a0,a2
ISIC_0000001,a1,a0
ISIC_0000014,a0,a0
ISIC_0000015,a0,a2
ISIC_0000017_downsampled,a3,a0
ISIC_0000024_downsampled,a0,a0
ISIC_0000041_downsampled,a0,a0
ISIC_0000058_downsampled,a0,a0
ISIC_0000060_downsampled,a2,a0
ISIC_0000071,a1,a0
ISIC_0000078_downsampled,a0,a1
ISIC_0000080_downsampled,a0,a0
ISIC_0000101_downsampled,a0,a0
ISIC_0000103_downsampled,a3,a0
ISIC_0000107_downsampled,a0,a0
ISIC_0000108_downsampled,a1,a0
ISIC_0000111_downsampled,a0,a0
ISIC_0000115_downsampled,a1,a0
ISIC_0000123_downsampled,a1,a0
ISIC_0000128_downsampled,a0,a0
ISIC_0000135_downsampled,a0,a0
ISIC_0000145_downsampled,a1,a0
ISIC_0000154_downsampled,a0,a1
ISIC_0000157,a1,a2
ISIC_0000159,a0,a0
ISIC_0000182_downsampled,a0,a0
ISIC_0000185_downsampled,a0,a0
ISIC_0000190,a0,a0
ISIC_0000197_downsampled,a1,a0
ISIC_0000200,a0,a0
ISIC_0000207_downsampled,a0,a2
ISIC_0000213,a0,a0
ISIC_0000220,a1,a0
ISIC_0000223,a0,a0
ISIC_0000225,a2,a0
ISIC_0000228,a0,a0
ISIC_0000230,a1,a0
ISIC_0000253,a0,a0
ISIC_0000256,a0,a0
ISIC_0000268,a0,a0
ISIC_0000271,a0,a0
ISIC_0000274,a0,a2
ISIC_0000281,a0,a3
ISIC_0000288,a0,a3
ISIC_0000290,a0,a2
ISIC_0000300,a2,a0
ISIC_0000302,a0,a3
ISIC_0000306,a0,a0
ISIC_0000319,a0,a0
ISIC_0000322,a0,a0
ISIC_0000329,a0,a0
ISIC_0000336,a0,a0
ISIC_0000337,a0,a0
ISIC_0000338,a0,a0
ISIC_0000346,a3,a0
ISIC_0000353,a0,a0
ISIC_0000354,a1,a0
ISIC_0000355,a0,a0
ISIC_0000357,a1,a0
ISIC_0000360,a2,a0
ISIC_0000366,a0,a0
ISIC_0000372,a0,a0
ISIC_0000377_downsampled,a0,a2
ISIC_0000396_downsampled,a0,a1
ISIC_0000433_downsampled,a0,a1
ISIC_0000449_downsampled,a0,a0
ISIC_0000471,a0,a0
ISIC_0000477,a0,a0
ISIC_0000479,a0,a0
ISIC_0000481,a0,a1
ISIC_0000487,a0,a1
ISIC_0000493,a0,a0
ISIC_0000500,a3,a0
ISIC_0000505,a0,a3
ISIC_0000509,a0,a0
ISIC_0000514,a0,a0
ISIC_0000517,a0,a0
ISIC_0000520_downsampled,a1,a2
ISIC_0000528,a0,a0
ISIC_0000536,a0,a0
ISIC_0000543,a0,a0
ISIC_0000547,a0,a2
ISIC_0000551,a3,a3
ISIC_0001100_downsampled,a0,a3
ISIC_0001103_downsampled,a0,a2
ISIC_0001105_downsampled,a0,a0
ISIC_0001216_downsampled,a0,a0
ISIC_0001242_downsampled,a1,a0
ISIC_0001262_downsampled,a0,a0
ISIC_0001296_downsampled,a0,a0
ISIC_0001852_downsampled,a0,a0
ISIC_0001871_downsampled,a0,a0
ISIC_0002489_downsampled,a0,a0
ISIC_0002616_downsampled,a0,a0
ISIC_0002879_downsampled,a0,a0
ISIC_0002975_downsampled,a1,a0
ISIC_0003056_downsampled,a0,a0
ISIC_0003559_downsampled,a0,a0
ISIC_0005639_downsampled,a1,a0
ISIC_0006114_downsampled,a0,a0
ISIC_0007038_downsampled,a0,a0
ISIC_0007141_downsampled,a1,a0
ISIC_0007796_downsampled,a0,a0
ISIC_0008025_downsampled,a0,a0
ISIC_0008145_downsampled,a3,a0
ISIC_0008294_downsampled,a1,a0
ISIC_0008507_downsampled,a0,a0
ISIC_0008524_downsampled,a1,a0
ISIC_0008528_downsampled,a0,a0
ISIC_0008552_downsampled,a0,a0
ISIC_0009505_downsampled,a1,a0
ISIC_0009873,a0,a1
ISIC_0009902,a0,a0
ISIC_0009918,a0,a3
ISIC_0009921,a1,a0
ISIC_0009929,a0,a0
ISIC_0009939,a0,a0
ISIC_0009944,a0,a0
ISIC_0009945,a0,a0
ISIC_0009949,a0,a0
ISIC_0009954,a0,a0
ISIC_0009964,a1,a0
ISIC_0009965,a0,a0
ISIC_0009970,a1,a2
ISIC_0009971,a1,a0
ISIC_0009987,a0,a0
ISIC_0009991,a0,a0
ISIC_0010010,a0,a0
ISIC_0010011,a0,a0
ISIC_0010029,a0,a2
ISIC_0010046,a3,a0
ISIC_0010056,a1,a3
ISIC_0010057,a0,a0
ISIC_0010093,a0,a0
ISIC_0010102,a1,a0
ISIC_0010170,a0,a0
ISIC_0010171,a1,a0
ISIC_0010182,a3,a0
ISIC_0010191,a0,a2
ISIC_0010193,a0,a0
ISIC_0010201,a0,a0
ISIC_0010216,a0,a0
ISIC_0010228,a0,a0
ISIC_0010232,a0,a0
ISIC_0010235,a0,a2
ISIC_0010251,a1,a0
ISIC_0010264,a0,a1
ISIC_0010267,a0,a2
ISIC_0010329,a1,a3
ISIC_0010351,a0,a0
ISIC_0010371,a0,a2
ISIC_0010457,a1,a1
ISIC_0010461,a0,a0
ISIC_0010468,a0,a2
ISIC_0010474,a0,a0
ISIC_0010491,a0,a0
ISIC_0010496,a0,a1
ISIC_0010554,a0,a0
ISIC_0010589,a3,a2
ISIC_0010592,a1,a0
ISIC_0010595,a3,a0
ISIC_0010607,a0,a0
ISIC_0010856,a0,a0
ISIC_0010858,a0,a0
ISIC_0011081,a0,a1
ISIC_0011082,a2,a0
ISIC_0011083,a2,a0
ISIC_0011084,a0,a2
ISIC_0011089,a0,a0
ISIC_0011117,a2,a2
ISIC_0011149,a0,a2
ISIC_0011155,a0,a0
ISIC_0011162,a1,a0
ISIC_0011171,a1,a0
ISIC_0011177,a0,a0
ISIC_0011210,a1,a0
ISIC_0011218,a0,a0
ISIC_0011315,a1,a2
ISIC_0011327,a0,a0
ISIC_0011329,a0,a3
ISIC_0011343,a0,a0
ISIC_0011353,a1,a0
ISIC_0011357,a0,a0
ISIC_0011362,a1,a0
ISIC_0011373,a0,a2
ISIC_0011383,a0,a0
ISIC_0011384,a1,a2
ISIC_0012109_downsampled,a0,a2
ISIC_0012149_downsampled,a0,a2
ISIC_0012150_downsampled,a0,a2
ISIC_0012172_downsampled,a0,a1
ISIC_0012173_downsampled,a0,a2
ISIC_0012199_downsampled,a0,a1
ISIC_0012221_downsampled,a3,a0
ISIC_0012223_downsampled,a1,a0
ISIC_0012230_downsampled,a0,a0
ISIC_0012235_downsampled,a0,a0
ISIC_0012250_downsampled,a1,a0
ISIC_0012253_downsampled,a0,a0
ISIC_0012259_downsampled,a0,a0
ISIC_0012311_downsampled,a1,a0
ISIC_0012323_downsampled,a0,a2
ISIC_0012329_downsampled,a0,a1
ISIC_0012338_downsampled,a0,a0
ISIC_0012348_downsampled,a3,a1
ISIC_0012356_downsampled,a0,a0
ISIC_0012364_downsampled,a0,a1
ISIC_0012376_downsampled,a0,a0
ISIC_0012377_downsampled,a0,a1
ISIC_0012382_downsampled,a0,a1
ISIC_0012395_downsampled,a1,a1
ISIC_0012406_downsampled,a0,a0
ISIC_0012413_downsampled,a0,a0
ISIC_0012416_downsampled,a0,a0
ISIC_0012433_downsampled,a1,a1
ISIC_0012450_downsampled,a0,a0
ISIC_0012469_downsampled,a0,a0
ISIC_0012495_downsampled,a0,a0
ISIC_0012496_downsampled,a0,a0
ISIC_0012517_downsampled,a0,a0
ISIC_0012549_downsampled,a0,a0
ISIC_0012550_downsampled,a0,a1
ISIC_0012654_downsampled,a1,a0
ISIC_0012658_downsampled,a0,a0
ISIC_0012678_downsampled,a1,a2
ISIC_0012680_downsampled,a0,a0
ISIC_0012682_downsampled,a0,a0
ISIC_0012715_downsampled,a1,a0
ISIC_0012737_downsampled,a1,a0
ISIC_0012739_downsampled,a0,a0
ISIC_0012756_downsampled,a1,a1
ISIC_0012806_downsampled,a0,a0
ISIC_0012814_downsampled,a0,a0
ISIC_0012855_downsampled,a0,a0
ISIC_0012903_downsampled,a0,a0
ISIC_0012939_downsampled,a0,a1
ISIC_0012944_downsampled,a1,a0
ISIC_0012952_downsampled,a1,a0
ISIC_0013000_downsampled,a0,a1
ISIC_0013007_downsampled,a1,a0
ISIC_0013023_downsampled,a0,a0
ISIC_0013026_downsampled,a1,a0
ISIC_0013030_downsampled,a0,a0
ISIC_0013039_downsampled,a0,a0
ISIC_0013054_downsampled,a1,a1
ISIC_0013071_downsampled,a1,a0
ISIC_0013084_downsampled,a1,a1
ISIC_0013090_downsampled,a0,a0
ISIC_0013097_downsampled,a0,a0
ISIC_0013120_downsampled,a0,a0
ISIC_0013128_downsampled,a0,a0
ISIC_0013146_downsampled,a0,a2
ISIC_0013164_downsampled,a0,a0
ISIC_0013173_downsampled,a0,a2
ISIC_0013181_downsampled,a0,a1
ISIC_0013184_downsampled,a1,a2
ISIC_0013207_downsampled,a0,a0
ISIC_0013212_downsampled,a1,a0
ISIC_0013216_downsampled,a0,a0
ISIC_0013236_downsampled,a0,a0
ISIC_0013329_downsampled,a0,a1
ISIC_0013335_downsampled,a0,a0
ISIC_0013371_downsampled,a0,a1
ISIC_0013398_downsampled,a0,a0
ISIC_0013421_downsampled,a0,a0
ISIC_0013424_downsampled,a0,a0
ISIC_0013434_downsampled,a0,a0
ISIC_0013457_downsampled,a0,a2
ISIC_0013465_downsampled,a0,a0
ISIC_0013487_downsampled,a0,a0
ISIC_0013491_downsampled,a0,a0
ISIC_0013494_downsampled,a1,a0
ISIC_0013495_downsampled,a1,a1
ISIC_0013497_downsampled,a1,a0
ISIC_0013500_downsampled,a0,a3
ISIC_0013517_downsampled,a0,a0
ISIC_0013559_downsampled,a1,a2
ISIC_0013565_downsampled,a0,a1
ISIC_0013584_downsampled,a0,a2
ISIC_0013585_downsampled,a0,a2
ISIC_0013597_downsampled,a0,a0
ISIC_0013615_downsampled,a1,a0
ISIC_0013632_downsampled,a0,a1
ISIC_0013644_downsampled,a0,a1
ISIC_0013656_downsampled,a1,a1
ISIC_0013674_downsampled,a0,a1
ISIC_0013675_downsampled,a0,a0
ISIC_0013706_downsampled,a0,a0
ISIC_0013707_downsampled,a0,a1
ISIC_0013725_downsampled,a0,a2
ISIC_0013733_downsampled,a0,a0
ISIC_0013739_downsampled,a0,a1
ISIC_0013758_downsampled,a1,a0
ISIC_0013762_downsampled,a0,a1
ISIC_0013767_downsampled,a0,a1
ISIC_0013793_downsampled,a0,a0
ISIC_0013805_downsampled,a0,a0
ISIC_0013832_downsampled,a0,a1
ISIC_0013840_downsampled,a3,a0
ISIC_0013861_downsampled,a1,a1
ISIC_0013865_downsampled,a0,a1
ISIC_0013874_downsampled,a0,a0
ISIC_0013897_downsampled,a0,a0
ISIC_0013917_downsampled,a1,a0
ISIC_0013936_downsampled,a1,a0
ISIC_0013975_downsampled,a0,a0
ISIC_0013977_downsampled,a0,a0
ISIC_0013980_downsampled,a0,a0
ISIC_0013983_downsampled,a1,a0
ISIC_0013988_downsampled,a1,a0
ISIC_0014001_downsampled,a0,a0
ISIC_0014045_downsampled,a1,a0
ISIC_0014062_downsampled,a1,a1
ISIC_0014076_downsampled,a0,a1
ISIC_0014162_downsampled,a0,a0
ISIC_0014169_downsampled,a0,a1
ISIC_0014187_downsampled,a0,a0
ISIC_0014190_downsampled,a0,a2
ISIC_0014216_downsampled,a1,a0
ISIC_0014225_downsampled,a1,a0
ISIC_0014233_downsampled,a0,a2
ISIC_0014238_downsampled,a0,a0
ISIC_0014248_downsampled,a0,a0
ISIC_0014249_downsampled,a1,a3
ISIC_0014253_downsampled,a0,a0
ISIC_0014278_downsampled,a0,a0
ISIC_0014289_downsampled,a0,a0
ISIC_0014311_downsampled,a0,a1
ISIC_0014325_downsampled,a0,a2
ISIC_0014327_downsampled,a0,a2
ISIC_0014346_downsampled,a2,a0
ISIC_0014386_downsampled,a1,a0
ISIC_0014410_downsampled,a0,a0
ISIC_0014423_downsampled,a0,a0
ISIC_0014432_downsampled,a0,a0
ISIC_0014433_downsampled,a0,a0
ISIC_0014457_downsampled,a0,a0
ISIC_0014489_downsampled,a0,a2
ISIC_0014501_downsampled,a1,a1
ISIC_0014516_downsampled,a1,a0
ISIC_0014572_downsampled,a1,a0
ISIC_0014578_downsampled,a0,a0
ISIC_0014592_downsampled,a1,a0
ISIC_0014595_downsampled,a0,a0
ISIC_0014596_downsampled,a0,a0
ISIC_0014598_downsampled,a1,a0
ISIC_0014613_downsampled,a1,a0
ISIC_0014615_downsampled,a3,a0
ISIC_0014618_downsampled,a1,a0
ISIC_0014632_downsampled,a1,a0
ISIC_0014640_downsampled,a0,a0
ISIC_0014641_downsampled,a0,a0
ISIC_0014648_downsampled,a0,a0
ISIC_0014653_downsampled,a0,a0
ISIC_0014661_downsampled,a1,a0
ISIC_0014687_downsampled,a0,a1
ISIC_0014695_downsampled,a0,a0
ISIC_0014702_downsampled,a0,a0
ISIC_0014708_downsampled,a0,a1
ISIC_0014728_downsampled,a0,a1
ISIC_0014735_downsampled,a1,a1
ISIC_0014760_downsampled,a1,a0
ISIC_0014765_downsampled,a0,a0
ISIC_0014775_downsampled,a1,a0
ISIC_0014778_downsampled,a0,a0
ISIC_0014783_downsampled,a0,a0
ISIC_0014807_downsampled,a1,a0
ISIC_0014814_downsampled,a0,a0
ISIC_0014818_downsampled,a0,a0
ISIC_0014825_downsampled,a0,a0
ISIC_0014826_downsampled,a0,a0
ISIC_0014848_downsampled,a0,a0
ISIC_0014855_downsampled,a0,a1
ISIC_0014867_downsampled,a0,a0
ISIC_0014869_downsampled,a2,a1
ISIC_0014891_downsampled,a1,a2
ISIC_0014907_downsampled,a0,a0
ISIC_0014910_downsampled,a0,a1
ISIC_0014911_downsampled,a0,a0
ISIC_0014912_downsampled,a1,a3
ISIC_0014940_downsampled,a0,a0
ISIC_0014958_downsampled,a0,a0
ISIC_0014961_downsampled,a0,a1
ISIC_0014968_downsampled,a0,a1
ISIC_0014975_downsampled,a0,a1
ISIC_0014977_downsampled,a0,a0
ISIC_0014983_downsampled,a3,a0
ISIC_0014994_downsampled,a1,a0
ISIC_0015007_downsampled,a0,a0
ISIC_0015008_downsampled,a0,a0
ISIC_0015013_downsampled,a0,a3
ISIC_0015020_downsampled,a0,a1
ISIC_0015038_downsampled,a0,a0
ISIC_0015045_downsampled,a1,a2
ISIC_0015051_downsampled,a3,a0
ISIC_0015079_downsampled,a0,a2
ISIC_0015124_downsampled,a0,a0
ISIC_0015133_downsampled,a1,a0
ISIC_0015136_downsampled,a1,a2
ISIC_0015140_downsampled,a0,a0
ISIC_0015142_downsampled,a0,a2
ISIC_0015160_downsampled,a1,a0
ISIC_0015174_downsampled,a0,a0
ISIC_0015175_downsampled,a0,a0
ISIC_0015208_downsampled,a1,a0
ISIC_0015211_downsampled,a1,a0
ISIC_0015254_downsampled,a1,a0
ISIC_0015255_downsampled,a0,a3
ISIC_0015291_downsampled,a0,a0
ISIC_0015298_downsampled,a0,a0
ISIC_0015312_downsampled,a0,a1
ISIC_0015386_downsampled,a0,a1
ISIC_0015412_downsampled,a0,a0
ISIC_0015526_downsampled,a0,a0
ISIC_0015566_downsampled,a0,a0
ISIC_0015962_downsampled,a0,a0
ISIC_0015965_downsampled,a0,a0
ISIC_0015972_downsampled,a0,a0
ISIC_0015973_downsampled,a0,a0
ISIC_0015976_downsampled,a1,a0
ISIC_0015981_downsampled,a0,a0
ISIC_0015989_downsampled,a0,a2
ISIC_0015997_downsampled,a0,a0
ISIC_0016000_downsampled,a0,a2
ISIC_0016019_downsampled,a0,a1
ISIC_0016022_downsampled,a0,a0
ISIC_0016029_downsampled,a1,a0
ISIC_0016035_downsampled,a0,a1
ISIC_0016041_downsampled,a0,a0
ISIC_0016069_downsampled,a0,a0
ISIC_0024306,a0,a0
ISIC_0024307,a0,a0
ISIC_0024311,a3,a0
ISIC_0024317,a0,a0
ISIC_0024322,a0,a0
ISIC_0024336,a0,a1
ISIC_0024341,a3,a0
ISIC_0024347,a1,a0
ISIC_0024352,a1,a0
ISIC_0024354,a0,a0
ISIC_0024355,a0,a0
ISIC_0024357,a3,a0
ISIC_0024362,a0,a0
ISIC_0024386,a0,a0
ISIC_0024397,a1,a0
ISIC_0024399,a2,a0
ISIC_0024406,a1,a0
ISIC_0024426,a0,a2
ISIC_0024435,a0,a0
ISIC_0024436,a0,a1
ISIC_0024438,a0,a0
ISIC_0024445,a0,a0
ISIC_0024454,a0,a2
ISIC_0024456,a0,a0
ISIC_0024460,a0,a0
ISIC_0024462,a0,a0
ISIC_0024470,a0,a2
ISIC_0024471,a0,a1
ISIC_0024479,a0,a0
ISIC_0024530,a1,a0
ISIC_0024534,a0,a0
ISIC_0024536,a0,a0
ISIC_0024545,a1,a2
ISIC_0024550,a0,a2
ISIC_0024552,a0,a2
ISIC_0024560,a1,a1
ISIC_0024571,a0,a1
ISIC_0024589,a0,a0
ISIC_0024592,a0,a0
ISIC_0024593,a0,a0
ISIC_0024595,a0,a0
ISIC_0024606,a1,a0
ISIC_0024613,a0,a0
ISIC_0024624,a3,a0
ISIC_0024631,a1,a0
ISIC_0024640,a0,a3
ISIC_0024649,a0,a0
ISIC_0024660,a0,a0
ISIC_0024661,a0,a0
ISIC_0024671,a0,a0
ISIC_0024678,a0,a0
ISIC_0024688,a0,a0
ISIC_0024689,a1,a0
ISIC_0024691,a0,a0
ISIC_0024693,a0,a0
ISIC_0024694,a0,a0
ISIC_0024705,a0,a0
ISIC_0024706,a0,a0
ISIC_0024717,a1,a0
ISIC_0024726,a1,a0
ISIC_0024729,a1,a2
ISIC_0024739,a0,a3
ISIC_0024744,a0,a0
ISIC_0024762,a1,a1
ISIC_0024765,a0,a0
ISIC_0024768,a0,a0
ISIC_0024769,a0,a0
ISIC_0024773,a0,a0
ISIC_0024775,a0,a0
ISIC_0024783,a0,a0
ISIC_0024784,a1,a0
ISIC_0024786,a0,a0
ISIC_0024794,a0,a0
ISIC_0024799,a0,a2
ISIC_0024809,a0,a0
ISIC_0024821,a0,a0
ISIC_0024828,a0,a0
ISIC_0024829,a0,a2
ISIC_0024833,a1,a2
ISIC_0024839,a0,a0
ISIC_0024846,a0,a0
ISIC_0024849,a0,a0
ISIC_0024852,a1,a0
ISIC_0024873,a0,a0
ISIC_0024878,a0,a0
ISIC_0024882,a2,a0
ISIC_0024891,a0,a1
ISIC_0024892,a0,a0
ISIC_0024900,a3,a2
ISIC_0024905,a3,a0
ISIC_0024912,a0,a0
ISIC_0024921,a0,a0
ISIC_0024928,a0,a0
ISIC_0024944,a0,a0
ISIC_0024945,a0,a0
ISIC_0024957,a0,a0
ISIC_0024970,a0,a1
ISIC_0024986,a3,a0
ISIC_0024990,a1,a0
ISIC_0025003,a0,a0
ISIC_0025017,a0,a0
ISIC_0025023,a1,a0
ISIC_0025026,a0,a0
ISIC_0025028,a0,a0
ISIC_0025030,a0,a2
ISIC_0025039,a0,a0
ISIC_0025049,a1,a0
ISIC_0025050,a1,a0
ISIC_0025060,a0,a0
ISIC_0025080,a1,a0
ISIC_0025085,a0,a0
ISIC_0025088,a3,a0
ISIC_0025101,a0,a0
ISIC_0025162,a0,a0
ISIC_0025166,a1,a0
ISIC_0025175,a0,a0
ISIC_0025182,a1,a2
ISIC_0025186,a0,a0
ISIC_0025193,a0,a0
ISIC_0025196,a0,a2
ISIC_0025202,a0,a0
ISIC_0025204,a1,a0
ISIC_0025212,a2,a0
ISIC_0025214,a0,a2
ISIC_0025219,a1,a3
ISIC_0025228,a3,a2
ISIC_0025233,a0,a0
ISIC_0025241,a0,a0
ISIC_0025248,a3,a2
ISIC_0025259,a1,a0
ISIC_0025260,a0,a1
ISIC_0025267,a0,a0
ISIC_0025274,a1,a0
ISIC_0025280,a0,a0
ISIC_0025282,a0,a0
ISIC_0025286,a1,a1
ISIC_0025292,a0,a1
ISIC_0025293,a1,a0
ISIC_0025303,a1,a2
ISIC_0025306,a0,a0
ISIC_0025310,a1,a0
ISIC_0025320,a0,a0
ISIC_0025347,a3,a0
ISIC_0025349,a0,a0
ISIC_0025362,a0,a2
ISIC_0025363,a1,a1
ISIC_0025377,a0,a0
ISIC_0025379,a0,a0
ISIC_0025380,a0,a0
ISIC_0025385,a0,a0
ISIC_0025390,a0,a0
ISIC_0025411,a3,a2
ISIC_0025419,a0,a0
ISIC_0025422,a1,a0
ISIC_0025426,a0,a0
ISIC_0025429,a0,a0
ISIC_0025430,a3,a0
ISIC_0025447,a0,a0
ISIC_0025460,a1,a0
ISIC_0025470,a3,a1
ISIC_0025479,a2,a0
ISIC_0025495,a0,a0
ISIC_0025519,a1,a1
ISIC_0025525,a0,a0
ISIC_0025528,a0,a0
ISIC_0025545,a0,a0
ISIC_0025551,a0,a0
ISIC_0025555,a0,a0
ISIC_0025557,a1,a2
ISIC_0025564,a0,a3
ISIC_0025565,a0,a0
ISIC_0025568,a0,a0
ISIC_0025583,a1,a1
ISIC_0025587,a0,a0
ISIC_0025592,a0,a0
ISIC_0025594,a1,a0
ISIC_0025596,a0,a0
ISIC_0025603,a0,a1
ISIC_0025605,a0,a2
ISIC_0025612,a0,a0
ISIC_0025614,a0,a0
ISIC_0025626,a1,a0
ISIC_0025628,a0,a0
ISIC_0025636,a0,a0
ISIC_0025652,a1,a0
ISIC_0025653,a0,a0
ISIC_0025657,a0,a0
ISIC_0025658,a1,a0
ISIC_0025659,a0,a3
ISIC_0025662,a0,a0
ISIC_0025664,a0,a0
ISIC_0025680,a0,a0
ISIC_0025695,a3,a2
ISIC_0025697,a0,a0
ISIC_0025701,a0,a0
ISIC_0025702,a0,a0
ISIC_0025703,a0,a1
ISIC_0025720,a0,a0
ISIC_0025724,a3,a0
ISIC_0025725,a0,a0
ISIC_0025726,a1,a0
ISIC_0025727,a0,a0
ISIC_0025737,a1,a0
ISIC_0025751,a0,a0
ISIC_0025757,a0,a0
ISIC_0025758,a0,a0
ISIC_0025762,a0,a0
ISIC_0025769,a1,a0
ISIC_0025770,a0,a0
ISIC_0025780,a0,a2
ISIC_0025786,a0,a1
ISIC_0025797,a0,a0
ISIC_0025798,a1,a0
ISIC_0025801,a1,a0
ISIC_0025852,a3,a0
ISIC_0025856,a0,a0
ISIC_0025862,a0,a0
ISIC_0025871,a0,a0
ISIC_0025877,a1,a0
ISIC_0025882,a1,a0
ISIC_0025884,a1,a0
ISIC_0025896,a0,a0
ISIC_0025923,a0,a0
ISIC_0025927,a1,a3
ISIC_0025931,a1,a0
ISIC_0025942,a1,a3
ISIC_0025943,a0,a0
ISIC_0025957,a0,a2
ISIC_0025960,a0,a0
ISIC_0025976,a3,a0
ISIC_0025979,a0,a0
ISIC_0025992,a0,a1
ISIC_0026022,a0,a0
ISIC_0026023,a0,a0
ISIC_0026038,a1,a0
ISIC_0026043,a0,a1
ISIC_0026048,a0,a0
ISIC_0026052,a0,a1
ISIC_0026057,a0,a0
ISIC_0026058,a1,a0
ISIC_0026070,a0,a0
ISIC_0026088,a0,a0
ISIC_0026093,a1,a0
ISIC_0026094,a0,a1
ISIC_0026096,a0,a0
ISIC_0026100,a1,a2
ISIC_0026110,a0,a0
ISIC_0026111,a0,a0
ISIC_0026148,a0,a0
ISIC_0026149,a1,a1
ISIC_0026189,a0,a0
ISIC_0026203,a1,a0
ISIC_0026211,a1,a0
ISIC_0026224,a0,a0
ISIC_0026244,a1,a0
ISIC_0026248,a0,a0
ISIC_0026254,a0,a0
ISIC_0026265,a1,a1
ISIC_0026267,a1,a0
ISIC_0026273,a0,a0
ISIC_0026280,a0,a1
ISIC_0026283,a0,a0
ISIC_0026285,a2,a0
ISIC_0026293,a1,a0
ISIC_0026294,a1,a0
ISIC_0026298,a0,a1
ISIC_0026309,a0,a0
ISIC_0026329,a0,a0
ISIC_0026332,a0,a0
ISIC_0026333,a3,a0
ISIC_0026342,a1,a0
ISIC_0026345,a2,a0
ISIC_0026352,a1,a0
ISIC_0026356,a0,a0
ISIC_0026358,a0,a0
ISIC_0026370,a0,a0
ISIC_0026376,a0,a0
ISIC_0026378,a0,a1
ISIC_0026387,a0,a0
ISIC_0026413,a0,a0
ISIC_0026416,a1,a0
ISIC_0026427,a0,a2
ISIC_0026434,a0,a0
ISIC_0026440,a0,a0
ISIC_0026451,a1,a0
ISIC_0026453,a0,a1
ISIC_0026454,a0,a0
ISIC_0026455,a1,a2
ISIC_0026457,a0,a2
ISIC_0026458,a0,a3
ISIC_0026463,a0,a0
ISIC_0026466,a1,a1
ISIC_0026467,a0,a0
ISIC_0026469,a0,a0
ISIC_0026474,a1,a0
ISIC_0026477,a3,a0
ISIC_0026486,a0,a0
ISIC_0026495,a0,a0
ISIC_0026508,a0,a0
ISIC_0026516,a1,a0
ISIC_0026525,a1,a1
ISIC_0026526,a0,a1
ISIC_0026534,a1,a0
ISIC_0026541,a0,a0
ISIC_0026552,a0,a0
ISIC_0026561,a2,a0
ISIC_0026568,a0,a0
ISIC_0026575,a1,a1
ISIC_0026576,a0,a1
ISIC_0026580,a0,a0
ISIC_0026588,a0,a0
ISIC_0026590,a0,a0
ISIC_0026592,a1,a0
ISIC_0026602,a0,a0
ISIC_0026608,a0,a0
ISIC_0026618,a0,a0
ISIC_0026623,a1,a1
ISIC_0026627,a0,a0
ISIC_0026641,a0,a0
ISIC_0026647,a3,a3
ISIC_0026653,a0,a0
ISIC_0026663,a1,a1
ISIC_0026666,a0,a0
ISIC_0026670,a0,a0
ISIC_0026678,a3,a0
ISIC_0026688,a0,a0
ISIC_0026696,a0,a0
ISIC_0026697,a0,a1
ISIC_0026724,a1,a0
ISIC_0026728,a1,a1
ISIC_0026729,a0,a2
ISIC_0026732,a0,a0
ISIC_0026737,a0,a0
ISIC_0026752,a1,a0
ISIC_0026754,a1,a2
ISIC_0026755,a0,a0
ISIC_0026766,a0,a1
ISIC_0026771,a3,a0
ISIC_0026774,a0,a0
ISIC_0026781,a0,a0
ISIC_0026786,a0,a1
ISIC_0026791,a0,a0
ISIC_0026801,a2,a0
ISIC_0026803,a0,a0
ISIC_0026810,a1,a0
ISIC_0026825,a0,a2
ISIC_0026827,a0,a0
ISIC_0026828,a0,a0
ISIC_0026831,a0,a2
ISIC_0026837,a0,a0
ISIC_0026844,a1,a1
ISIC_0026847,a0,a2
ISIC_0026858,a0,a0
ISIC_0026862,a1,a0
ISIC_0026863,a0,a0
ISIC_0026868,a0,a1
ISIC_0026875,a0,a0
ISIC_0026883,a0,a1
ISIC_0026887,a1,a0
ISIC_0026893,a1,a2
ISIC_0026898,a1,a0
ISIC_0026900,a3,a0
ISIC_0026904,a3,a0
ISIC_0026912,a0,a2
ISIC_0026916,a0,a2
ISIC_0026917,a1,a0
ISIC_0026919,a1,a0
ISIC_0026922,a0,a0
ISIC_0026923,a0,a1
ISIC_0026925,a0,a0
ISIC_0026947,a0,a1
ISIC_0026948,a0,a0
ISIC_0026956,a0,a1
ISIC_0026962,a0,a0
ISIC_0026976,a1,a2
ISIC_0026980,a1,a0
ISIC_0026984,a0,a1
ISIC_0026988,a0,a2
ISIC_0026989,a0,a0
ISIC_0026994,a0,a0
ISIC_0026998,a0,a0
ISIC_0027003,a0,a0
ISIC_0027005,a1,a2
ISIC_0027008,a0,a2
ISIC_0027021,a0,a3
ISIC_0027023,a1,a1
ISIC_0027024,a0,a0
ISIC_0027033,a0,a0
ISIC_0027034,a0,a0
ISIC_0027047,a0,a1
ISIC_0027050,a1,a0
ISIC_0027053,a0,a0
ISIC_0027060,a0,a1
ISIC_0027079,a0,a0
ISIC_0027088,a0,a0
ISIC_0027091,a0,a1
ISIC_0027093,a0,a2
ISIC_0027095,a0,a0
ISIC_0027097,a0,a2
ISIC_0027099,a3,a1
ISIC_0027100,a1,a0
ISIC_0027111,a0,a0
ISIC_0027116,a0,a0
ISIC_0027121,a3,a0
ISIC_0027133,a0,a0
ISIC_0027135,a1,a2
ISIC_0027139,a0,a0
ISIC_0027140,a1,a0
ISIC_0027156,a0,a0
ISIC_0027170,a0,a0
ISIC_0027176,a1,a0
ISIC_0027183,a3,a1
ISIC_0027186,a0,a0
ISIC_0027194,a1,a1
ISIC_0027196,a1,a0
ISIC_0027200,a0,a0
ISIC_0027209,a0,a0
ISIC_0027212,a0,a0
ISIC_0027221,a1,a0
ISIC_0027222,a0,a0
ISIC_0027237,a0,a0
ISIC_0027245,a2,a0
ISIC_0027258,a0,a0
ISIC_0027263,a0,a2
ISIC_0027264,a2,a0
ISIC_0027265,a0,a0
ISIC_0027274,a0,a0
ISIC_0027283,a0,a0
ISIC_0027289,a0,a0
ISIC_0027295,a0,a1
ISIC_0027296,a0,a0
ISIC_0027305,a1,a0
ISIC_0027311,a0,a0
ISIC_0027314,a0,a0
ISIC_0027326,a0,a0
ISIC_0027337,a0,a1
ISIC_0027339,a1,a0
ISIC_0027347,a0,a0
ISIC_0027352,a0,a1
ISIC_0027356,a0,a0
ISIC_0027368,a0,a0
ISIC_0027375,a0,a0
ISIC_0027381,a1,a0
ISIC_0027382,a0,a0
ISIC_0027384,a0,a0
ISIC_0027386,a0,a0
ISIC_0027392,a0,a2
ISIC_0027394,a0,a1
ISIC_0027396,a1,a0
ISIC_0027412,a0,a0
ISIC_0027419,a0,a2
ISIC_0027428,a0,a0
ISIC_0027429,a0,a0
ISIC_0027431,a0,a0
ISIC_0027434,a0,a0
ISIC_0027438,a1,a0
ISIC_0027439,a0,a0
ISIC_0027444,a0,a1
ISIC_0027446,a0,a0
ISIC_0027448,a0,a0
ISIC_0027449,a0,a0
ISIC_0027461,a1,a0
ISIC_0027465,a0,a0
ISIC_0027467,a0,a0
ISIC_0027470,a1,a0
ISIC_0027472,a1,a0
ISIC_0027473,a3,a2
ISIC_0027479,a0,a0
ISIC_0027484,a2,a0
ISIC_0027489,a0,a0
ISIC_0027510,a0,a0
ISIC_0027512,a1,a2
ISIC_0027514,a3,a0
ISIC_0027521,a1,a0
ISIC_0027525,a1,a1
ISIC_0027534,a0,a0
ISIC_0027542,a0,a0
ISIC_0027544,a0,a1
ISIC_0027546,a1,a1
ISIC_0027558,a0,a0
ISIC_0027573,a0,a1
ISIC_0027578,a0,a2
ISIC_0027584,a0,a1
ISIC_0027591,a1,a0
ISIC_0027596,a0,a0
ISIC_0027612,a0,a0
ISIC_0027624,a1,a0
ISIC_0027630,a0,a0
ISIC_0027634,a0,a0
ISIC_0027639,a1,a1
ISIC_0027647,a0,a0
ISIC_0027670,a0,a1
ISIC_0027672,a0,a0
ISIC_0027674,a1,a0
ISIC_0027677,a0,a2
ISIC_0027682,a1,a0
ISIC_0027683,a0,a0
ISIC_0027685,a2,a0
ISIC_0027687,a1,a0
ISIC_0027690,a1,a0
ISIC_0027694,a0,a0
ISIC_0027710,a0,a0
ISIC_0027714,a1,a1
ISIC_0027716,a1,a0
ISIC_0027717,a1,a0
ISIC_0027718,a1,a0
ISIC_0027721,a1,a2
ISIC_0027731,a0,a0
ISIC_0027736,a0,a0
ISIC_0027750,a0,a0
ISIC_0027751,a0,a2
ISIC_0027761,a0,a0
ISIC_0027769,a3,a0
ISIC_0027770,a0,a0
ISIC_0027783,a1,a0
ISIC_0027797,a0,a0
ISIC_0027802,a0,a1
ISIC_0027811,a1,a1
ISIC_0027812,a3,a0
ISIC_0027816,a1,a0
ISIC_0027820,a0,a1
ISIC_0027822,a1,a0
ISIC_0027840,a0,a1
ISIC_0027842,a1,a0
ISIC_0027852,a1,a1
ISIC_0027855,a0,a0
ISIC_0027863,a0,a3
ISIC_0027868,a0,a0
ISIC_0027873,a1,a0
ISIC_0027878,a0,a0
ISIC_0027881,a0,a0
ISIC_0027887,a0,a0
ISIC_0027892,a0,a0
ISIC_0027896,a0,a1
ISIC_0027897,a1,a0
ISIC_0027908,a0,a2
ISIC_0027913,a0,a0
ISIC_0027917,a0,a0
ISIC_0027927,a0,a0
ISIC_0027930,a2,a0
ISIC_0027944,a1,a0
ISIC_0027947,a0,a0
ISIC_0027953,a1,a1
ISIC_0027958,a1,a1
ISIC_0027975,a1,a0
ISIC_0027982,a0,a0
ISIC_0027984,a0,a1
ISIC_0027986,a0,a0
ISIC_0027988,a1,a0
ISIC_0027992,a0,a0
ISIC_0027997,a0,a1
ISIC_0028001,a3,a0
ISIC_0028003,a0,a0
ISIC_0028007,a0,a0
ISIC_0028008,a0,a0
ISIC_0028011,a0,a0
ISIC_0028015,a1,a0
ISIC_0028017,a1,a0
ISIC_0028038,a3,a0
ISIC_0028053,a0,a0
ISIC_0028059,a1,a2
ISIC_0028060,a0,a0
ISIC_0028062,a3,a0
ISIC_0028063,a1,a1
ISIC_0028066,a0,a0
ISIC_0028072,a1,a0
ISIC_0028078,a0,a0
ISIC_0028090,a0,a0
ISIC_0028099,a1,a0
ISIC_0028105,a0,a0
ISIC_0028107,a0,a3
ISIC_0028109,a1,a0
ISIC_0028130,a3,a1
ISIC_0028148,a0,a0
ISIC_0028149,a1,a0
ISIC_0028152,a1,a0
ISIC_0028153,a1,a0
ISIC_0028173,a0,a1
ISIC_0028176,a2,a0
ISIC_0028196,a3,a0
ISIC_0028223,a1,a1
ISIC_0028229,a0,a1
ISIC_0028232,a1,a3
ISIC_0028235,a0,a0
ISIC_0028236,a0,a1
ISIC_0028249,a1,a0
ISIC_0028265,a0,a2
ISIC_0028291,a0,a1
ISIC_0028301,a1,a0
ISIC_0028305,a1,a0
ISIC_0028306,a1,a2
ISIC_0028311,a0,a0
ISIC_0028323,a0,a2
ISIC_0028326,a2,a2
ISIC_0028329,a0,a2
ISIC_0028331,a1,a0
ISIC_0028332,a1,a0
ISIC_0028344,a0,a1
ISIC_0028350,a1,a2
ISIC_0028358,a0,a0
ISIC_0028376,a0,a0
ISIC_0028380,a1,a0
ISIC_0028409,a1,a0
ISIC_0028413,a0,a0
ISIC_0028428,a0,a0
ISIC_0028434,a0,a0
ISIC_0028441,a0,a0
ISIC_0028444,a1,a0
ISIC_0028460,a1,a3
ISIC_0028461,a1,a1
ISIC_0028466,a0,a0
ISIC_0028468,a1,a0
ISIC_0028470,a0,a0
ISIC_0028475,a0,a0
ISIC_0028487,a0,a0
ISIC_0028496,a0,a1
ISIC_0028504,a1,a0
ISIC_0028507,a1,a1
ISIC_0028510,a0,a0
ISIC_0028517,a1,a2
ISIC_0028526,a0,a0
ISIC_0028528,a0,a2
ISIC_0028529,a0,a0
ISIC_0028534,a0,a0
ISIC_0028542,a0,a2
ISIC_0028543,a0,a0
ISIC_0028549,a0,a0
ISIC_0028554,a1,a0
ISIC_0028555,a0,a1
ISIC_0028560,a3,a0
ISIC_0028578,a0,a0
ISIC_0028580,a0,a0
ISIC_0028586,a1,a0
ISIC_0028589,a0,a2
ISIC_0028603,a0,a0
ISIC_0028604,a1,a0
ISIC_0028608,a2,a1
ISIC_0028612,a0,a0
ISIC_0028625,a0,a3
ISIC_0028649,a1,a0
ISIC_0028656,a0,a0
ISIC_0028658,a0,a0
ISIC_0028663,a1,a0
ISIC_0028676,a0,a0
ISIC_0028692,a0,a1
ISIC_0028703,a0,a0
ISIC_0028706,a2,a0
ISIC_0028723,a1,a0
ISIC_0028731,a0,a0
ISIC_0028733,a0,a0
ISIC_0028751,a1,a0
ISIC_0028756,a0,a0
ISIC_0028778,a0,a0
ISIC_0028790,a1,a2
ISIC_0028805,a0,a0
ISIC_0028806,a1,a0
ISIC_0028810,a0,a2
ISIC_0028811,a0,a0
ISIC_0028812,a3,a0
ISIC_0028816,a1,a2
ISIC_0028817,a0,a0
ISIC_0028819,a1,a0
ISIC_0028825,a1,a1
ISIC_0028828,a3,a0
ISIC_0028838,a0,a0
ISIC_0028862,a1,a0
ISIC_0028867,a1,a0
ISIC_0028880,a0,a0
ISIC_0028893,a0,a0
ISIC_0028897,a2,a1
ISIC_0028905,a1,a0
ISIC_0028911,a0,a0
ISIC_0028918,a1,a0
ISIC_0028919,a0,a0
ISIC_0028920,a1,a0
ISIC_0028923,a1,a0
ISIC_0028928,a0,a0
ISIC_0028932,a0,a0
ISIC_0028938,a0,a0
ISIC_0028947,a0,a0
ISIC_0028960,a0,a0
ISIC_0028963,a0,a0
ISIC_0028966,a0,a0
ISIC_0028967,a1,a0
ISIC_0028968,a0,a2
ISIC_0028979,a1,a0
ISIC_0029011,a0,a0
ISIC_0029013,a0,a0
ISIC_0029014,a1,a1
ISIC_0029019,a0,a0
ISIC_0029027,a0,a0
ISIC_0029032,a1,a1
ISIC_0029034,a0,a3
ISIC_0029045,a0,a0
ISIC_0029047,a1,a0
ISIC_0029048,a0,a0
ISIC_0029062,a0,a3
ISIC_0029063,a0,a0
ISIC_0029066,a0,a0
ISIC_0029084,a0,a0
ISIC_0029088,a3,a0
ISIC_0029109,a0,a0
ISIC_0029113,a0,a0
ISIC_0029114,a0,a0
ISIC_0029118,a0,a0
ISIC_0029123,a1,a2
ISIC_0029127,a1,a0
ISIC_0029130,a2,a0
ISIC_0029132,a0,a0
ISIC_0029135,a0,a0
ISIC_0029145,a0,a0
ISIC_0029146,a0,a2
ISIC_0029153,a0,a0
ISIC_0029158,a0,a0
ISIC_0029161,a1,a0
ISIC_0029186,a1,a0
ISIC_0029190,a0,a0
ISIC_0029218,a2,a0
ISIC_0029219,a0,a0
ISIC_0029221,a1,a1
ISIC_0029223,a0,a0
ISIC_0029225,a0,a0
ISIC_0029232,a0,a0
ISIC_0029242,a3,a2
ISIC_0029248,a1,a0
ISIC_0029251,a0,a0
ISIC_0029253,a0,a0
ISIC_0029254,a0,a1
ISIC_0029257,a0,a1
ISIC_0029262,a0,a0
ISIC_0029279,a0,a3
ISIC_0029280,a2,a0
ISIC_0029295,a1,a0
ISIC_0029307,a1,a0
ISIC_0029308,a0,a1
ISIC_0029313,a0,a0
ISIC_0029317,a0,a0
ISIC_0029318,a0,a2
ISIC_0029331,a0,a2
ISIC_0029344,a0,a0
ISIC_0029354,a0,a0
ISIC_0029367,a0,a0
ISIC_0029372,a0,a2
ISIC_0029385,a0,a0
ISIC_0029403,a0,a0
ISIC_0029408,a0,a0
ISIC_0029414,a0,a0
ISIC_0029417,a1,a1
ISIC_0029423,a0,a0
ISIC_0029432,a0,a2
ISIC_0029441,a0,a0
ISIC_0029445,a0,a0
ISIC_0029450,a0,a0
ISIC_0029453,a3,a0
ISIC_0029473,a0,a2
ISIC_0029475,a1,a0
ISIC_0029477,a0,a0
ISIC_0029488,a0,a0
ISIC_0029498,a0,a0
ISIC_0029506,a0,a0
ISIC_0029510,a3,a0
ISIC_0029514,a0,a0
ISIC_0029529,a0,a0
ISIC_0029532,a2,a0
ISIC_0029536,a0,a0
ISIC_0029541,a0,a2
ISIC_0029551,a1,a0
ISIC_0029558,a0,a2
ISIC_0029562,a1,a1
ISIC_0029567,a1,a2
ISIC_0029568,a0,a2
ISIC_0029573,a0,a1
ISIC_0029577,a0,a2
ISIC_0029579,a1,a0
ISIC_0029580,a0,a1
ISIC_0029581,a0,a0
ISIC_0029602,a0,a1
ISIC_0029607,a1,a0
ISIC_0029611,a2,a0
ISIC_0029619,a3,a0
ISIC_0029621,a0,a0
ISIC_0029646,a0,a0
ISIC_0029669,a1,a0
ISIC_0029670,a2,a0
ISIC_0029671,a1,a0
ISIC_0029683,a0,a3
ISIC_0029689,a0,a0
ISIC_0029690,a2,a0
ISIC_0029695,a0,a0
ISIC_0029698,a3,a3
ISIC_0029712,a0,a0
ISIC_0029757,a0,a0
ISIC_0029762,a1,a0
ISIC_0029772,a1,a0
ISIC_0029773,a1,a0
ISIC_0029782,a1,a0
ISIC_0029793,a0,a0
ISIC_0029794,a1,a0
ISIC_0029810,a1,a1
ISIC_0029814,a0,a2
ISIC_0029821,a1,a0
ISIC_0029851,a3,a3
ISIC_0029854,a0,a0
ISIC_0029856,a0,a2
ISIC_0029862,a0,a0
ISIC_0029866,a0,a0
ISIC_0029878,a0,a0
ISIC_0029880,a0,a1
ISIC_0029893,a0,a1
ISIC_0029894,a0,a0
ISIC_0029905,a0,a0
ISIC_0029906,a0,a0
ISIC_0029915,a0,a1
ISIC_0029917,a1,a2
ISIC_0029919,a0,a2
ISIC_0029936,a3,a0
ISIC_0029945,a2,a1
ISIC_0029947,a0,a0
ISIC_0029948,a0,a0
ISIC_0029956,a0,a0
ISIC_0029961,a1,a0
ISIC_0029970,a0,a0
ISIC_0029973,a0,a0
ISIC_0029977,a0,a0
ISIC_0029978,a1,a2
ISIC_0029980,a3,a0
ISIC_0029985,a0,a2
ISIC_0030015,a2,a1
ISIC_0030033,a1,a0
ISIC_0030041,a0,a0
ISIC_0030047,a1,a1
ISIC_0030051,a0,a0
ISIC_0030060,a0,a3
ISIC_0030076,a0,a2
ISIC_0030090,a3,a0
ISIC_0030092,a0,a0
ISIC_0030123,a1,a1
ISIC_0030129,a0,a2
ISIC_0030139,a0,a0
ISIC_0030145,a1,a0
ISIC_0030159,a0,a0
ISIC_0030161,a1,a0
ISIC_0030162,a0,a0
ISIC_0030171,a0,a0
ISIC_0030177,a1,a1
ISIC_0030180,a0,a0
ISIC_0030182,a1,a0
ISIC_0030211,a1,a3
ISIC_0030213,a0,a0
ISIC_0030219,a0,a1
ISIC_0030225,a0,a1
ISIC_0030231,a0,a1
ISIC_0030232,a0,a0
ISIC_0030234,a0,a0
ISIC_0030238,a0,a0
ISIC_0030240,a0,a1
ISIC_0030248,a2,a0
ISIC_0030252,a0,a0
ISIC_0030259,a0,a0
ISIC_0030261,a0,a1
ISIC_0030263,a0,a0
ISIC_0030266,a1,a0
ISIC_0030276,a0,a1
ISIC_0030280,a1,a3
ISIC_0030285,a0,a0
ISIC_0030286,a0,a0
ISIC_0030288,a1,a0
ISIC_0030298,a0,a0
ISIC_0030302,a0,a0
ISIC_0030308,a0,a0
ISIC_0030318,a1,a0
ISIC_0030330,a0,a0
ISIC_0030334,a0,a0
ISIC_0030341,a0,a2
ISIC_0030342,a1,a0
ISIC_0030346,a3,a1
ISIC_0030364,a0,a0
ISIC_0030388,a1,a0
ISIC_0030389,a1,a0
ISIC_0030403,a0,a2
ISIC_0030404,a0,a0
ISIC_0030405,a1,a0
ISIC_0030418,a0,a0
ISIC_0030433,a1,a0
ISIC_0030439,a0,a0
ISIC_0030442,a0,a1
ISIC_0030446,a0,a2
ISIC_0030449,a0,a0
ISIC_0030450,a0,a0
ISIC_0030455,a3,a0
ISIC_0030471,a1,a0
ISIC_0030472,a0,a0
ISIC_0030478,a0,a0
ISIC_0030480,a0,a0
ISIC_0030495,a0,a0
ISIC_0030504,a1,a2
ISIC_0030508,a3,a0
ISIC_0030509,a0,a0
ISIC_0030518,a0,a0
ISIC_0030533,a0,a1
ISIC_0030537,a0,a0
ISIC_0030544,a0,a0
ISIC_0030550,a0,a0
ISIC_0030556,a0,a0
ISIC_0030572,a0,a0
ISIC_0030575,a0,a0
ISIC_0030578,a1,a0
ISIC_0030580,a3,a0
ISIC_0030585,a0,a1
ISIC_0030586,a0,a1
ISIC_0030587,a0,a0
ISIC_0030593,a1,a0
ISIC_0030595,a1,a0
ISIC_0030610,a0,a0
ISIC_0030624,a0,a0
ISIC_0030639,a1,a0
ISIC_0030643,a0,a0
ISIC_0030647,a1,a0
ISIC_0030648,a1,a0
ISIC_0030653,a0,a0
ISIC_0030657,a1,a0
ISIC_0030659,a0,a1
ISIC_0030661,a1,a2
ISIC_0030677,a0,a1
ISIC_0030697,a1,a0
ISIC_0030699,a0,a0
ISIC_0030701,a1,a0
ISIC_0030702,a0,a0
ISIC_0030718,a3,a0
ISIC_0030721,a0,a0
ISIC_0030723,a1,a1
ISIC_0030724,a0,a0
ISIC_0030728,a1,a0
ISIC_0030738,a0,a0
ISIC_0030742,a0,a0
ISIC_0030749,a0,a0
ISIC_0030756,a0,a2
ISIC_0030758,a0,a0
ISIC_0030773,a0,a0
ISIC_0030774,a0,a0
ISIC_0030776,a0,a0
ISIC_0030782,a0,a2
ISIC_0030799,a0,a0
ISIC_0030800,a0,a2
ISIC_0030820,a2,a0
ISIC_0030834,a1,a0
ISIC_0030844,a0,a2
ISIC_0030847,a1,a2
ISIC_0030848,a0,a0
ISIC_0030869,a0,a0
ISIC_0030884,a1,a0
ISIC_0030889,a2,a0
ISIC_0030901,a0,a1
ISIC_0030903,a0,a0
ISIC_0030904,a1,a0
ISIC_0030914,a0,a0
ISIC_0030919,a0,a1
ISIC_0030927,a0,a0
ISIC_0030928,a1,a0
ISIC_0030944,a0,a0
ISIC_0030953,a0,a3
ISIC_0030958,a0,a0
ISIC_0030962,a0,a0
ISIC_0030964,a0,a1
ISIC_0030974,a0,a0
ISIC_0030977,a0,a1
ISIC_0030995,a0,a1
ISIC_0031000,a0,a1
ISIC_0031003,a0,a0
ISIC_0031007,a0,a1
ISIC_0031018,a0,a0
ISIC_0031034,a0,a0
ISIC_0031047,a3,a0
ISIC_0031056,a0,a2
ISIC_0031068,a2,a0
ISIC_0031074,a1,a1
ISIC_0031076,a0,a0
ISIC_0031081,a0,a1
ISIC_0031099,a0,a0
ISIC_0031100,a0,a0
ISIC_0031107,a0,a0
ISIC_0031109,a0,a0
ISIC_0031126,a0,a1
ISIC_0031127,a0,a0
ISIC_0031128,a0,a0
ISIC_0031130,a1,a0
ISIC_0031132,a0,a0
ISIC_0031137,a1,a0
ISIC_0031160,a0,a0
ISIC_0031169,a1,a1
ISIC_0031205,a1,a0
ISIC_0031207,a1,a0
ISIC_0031220,a0,a0
ISIC_0031224,a1,a0
ISIC_0031233,a1,a0
ISIC_0031234,a0,a0
ISIC_0031248,a0,a0
ISIC_0031260,a0,a0
ISIC_0031266,a0,a2
ISIC_0031273,a0,a0
ISIC_0031275,a0,a0
ISIC_0031279,a0,a0
ISIC_0031281,a0,a0
ISIC_0031285,a0,a0
ISIC_0031288,a0,a0
ISIC_0031293,a0,a0
ISIC_0031297,a0,a0
ISIC_0031305,a0,a0
ISIC_0031309,a0,a0
ISIC_0031314,a3,a1
ISIC_0031322,a0,a0
ISIC_0031324,a0,a0
ISIC_0031325,a1,a0
ISIC_0031326,a0,a1
ISIC_0031347,a0,a0
ISIC_0031353,a2,a0
ISIC_0031374,a1,a0
ISIC_0031376,a0,a0
ISIC_0031378,a0,a0
ISIC_0031379,a0,a0
ISIC_0031380,a0,a2
ISIC_0031388,a0,a0
ISIC_0031391,a0,a0
ISIC_0031396,a1,a0
ISIC_0031405,a0,a0
ISIC_0031411,a2,a0
ISIC_0031412,a1,a0
ISIC_0031413,a0,a3
ISIC_0031416,a2,a0
ISIC_0031428,a0,a2
ISIC_0031429,a1,a1
ISIC_0031440,a0,a0
ISIC_0031441,a0,a0
ISIC_0031442,a1,a2
ISIC_0031445,a0,a0
ISIC_0031455,a0,a0
ISIC_0031471,a1,a0
ISIC_0031474,a1,a0
ISIC_0031481,a1,a1
ISIC_0031486,a0,a0
ISIC_0031487,a0,a0
ISIC_0031489,a0,a0
ISIC_0031490,a0,a0
ISIC_0031492,a0,a0
ISIC_0031494,a1,a1
ISIC_0031497,a0,a0
ISIC_0031508,a0,a0
ISIC_0031515,a3,a1
ISIC_0031527,a3,a1
ISIC_0031530,a0,a0
ISIC_0031531,a0,a2
ISIC_0031535,a0,a0
ISIC_0031541,a0,a0
ISIC_0031544,a1,a0
ISIC_0031545,a0,a0
ISIC_0031555,a0,a0
ISIC_0031590,a0,a0
ISIC_0031592,a0,a0
ISIC_0031606,a1,a0
ISIC_0031611,a0,a0
ISIC_0031613,a1,a0
ISIC_0031615,a0,a0
ISIC_0031616,a0,a0
ISIC_0031620,a1,a1
ISIC_0031627,a1,a0
ISIC_0031638,a0,a0
ISIC_0031643,a0,a2
ISIC_0031645,a0,a0
ISIC_0031650,a3,a1
ISIC_0031652,a0,a0
ISIC_0031663,a3,a0
ISIC_0031668,a0,a0
ISIC_0031675,a1,a0
ISIC_0031688,a1,a0
ISIC_0031691,a0,a0
ISIC_0031710,a1,a1
ISIC_0031711,a1,a3
ISIC_0031713,a0,a1
ISIC_0031722,a0,a0
ISIC_0031723,a1,a0
ISIC_0031724,a0,a0
ISIC_0031726,a0,a0
ISIC_0031727,a0,a0
ISIC_0031740,a0,a0
ISIC_0031748,a0,a0
ISIC_0031763,a1,a0
ISIC_0031768,a3,a0
ISIC_0031772,a1,a0
ISIC_0031775,a0,a0
ISIC_0031785,a0,a0
ISIC_0031790,a0,a0
ISIC_0031796,a1,a0
ISIC_0031798,a2,a0
ISIC_0031801,a2,a0
ISIC_0031806,a0,a2
ISIC_0031815,a1,a0
ISIC_0031817,a1,a0
ISIC_0031821,a1,a0
ISIC_0031824,a0,a1
ISIC_0031825,a0,a1
ISIC_0031834,a0,a0
ISIC_0031837,a0,a0
ISIC_0031839,a0,a2
ISIC_0031860,a0,a0
ISIC_0031861,a0,a0
ISIC_0031866,a0,a0
ISIC_0031877,a0,a0
ISIC_0031878,a0,a0
ISIC_0031879,a1,a0
ISIC_0031883,a1,a0
ISIC_0031884,a0,a0
ISIC_0031886,a0,a0
ISIC_0031887,a0,a0
ISIC_0031890,a3,a1
ISIC_0031903,a0,a0
ISIC_0031910,a1,a0
ISIC_0031924,a0,a0
ISIC_0031930,a2,a3
ISIC_0031934,a1,a0
ISIC_0031936,a0,a0
ISIC_0031945,a0,a0
ISIC_0031948,a2,a0
ISIC_0031950,a0,a0
ISIC_0031964,a1,a0
ISIC_0031970,a3,a0
ISIC_0031975,a1,a1
ISIC_0031979,a2,a0
ISIC_0031988,a1,a0
ISIC_0031995,a2,a0
ISIC_0031998,a1,a0
ISIC_0032003,a0,a0
ISIC_0032004,a0,a0
ISIC_0032006,a0,a1
ISIC_0032011,a0,a0
ISIC_0032012,a1,a0
ISIC_0032027,a0,a1
ISIC_0032051,a0,a0
ISIC_0032052,a0,a0
ISIC_0032055,a0,a0
ISIC_0032063,a3,a0
ISIC_0032064,a1,a0
ISIC_0032066,a1,a0
ISIC_0032067,a0,a1
ISIC_0032070,a0,a2
ISIC_0032072,a0,a2
ISIC_0032073,a3,a0
ISIC_0032074,a0,a0
ISIC_0032084,a1,a0
ISIC_0032087,a1,a0
ISIC_0032097,a1,a0
ISIC_0032111,a1,a0
ISIC_0032115,a1,a0
ISIC_0032131,a0,a0
ISIC_0032153,a3,a0
ISIC_0032163,a1,a0
ISIC_0032171,a0,a0
ISIC_0032175,a0,a2
ISIC_0032177,a3,a0
ISIC_0032187,a0,a3
ISIC_0032188,a0,a0
ISIC_0032194,a0,a2
ISIC_0032202,a0,a0
ISIC_0032207,a0,a0
ISIC_0032211,a0,a0
ISIC_0032218,a0,a0
ISIC_0032223,a3,a0
ISIC_0032225,a2,a0
ISIC_0032229,a0,a0
ISIC_0032231,a0,a0
ISIC_0032235,a0,a0
ISIC_0032242,a1,a0
ISIC_0032247,a0,a1
ISIC_0032248,a0,a3
ISIC_0032260,a3,a0
ISIC_0032264,a2,a0
ISIC_0032267,a0,a0
ISIC_0032274,a0,a0
ISIC_0032313,a0,a2
ISIC_0032317,a0,a0
ISIC_0032321,a0,a0
ISIC_0032323,a1,a0
ISIC_0032325,a0,a0
ISIC_0032328,a0,a0
ISIC_0032330,a0,a0
ISIC_0032332,a1,a0
ISIC_0032334,a0,a1
ISIC_0032343,a0,a2
ISIC_0032355,a0,a0
ISIC_0032360,a0,a0
ISIC_0032380,a0,a0
ISIC_0032385,a0,a0
ISIC_0032387,a0,a0
ISIC_0032392,a0,a0
ISIC_0032400,a0,a1
ISIC_0032406,a0,a0
ISIC_0032415,a0,a2
ISIC_0032421,a0,a0
ISIC_0032430,a1,a1
ISIC_0032434,a0,a0
ISIC_0032449,a0,a0
ISIC_0032464,a0,a0
ISIC_0032465,a0,a0
ISIC_0032479,a0,a0
ISIC_0032482,a0,a1
ISIC_0032484,a0,a0
ISIC_0032487,a1,a0
ISIC_0032488,a0,a0
ISIC_0032489,a1,a0
ISIC_0032500,a0,a0
ISIC_0032503,a0,a0
ISIC_0032505,a1,a0
ISIC_0032506,a0,a0
ISIC_0032509,a1,a0
ISIC_0032511,a0,a3
ISIC_0032519,a0,a1
ISIC_0032526,a0,a0
ISIC_0032527,a0,a0
ISIC_0032530,a0,a2
ISIC_0032536,a0,a2
ISIC_0032537,a0,a2
ISIC_0032538,a0,a2
ISIC_0032552,a1,a0
ISIC_0032563,a1,a0
ISIC_0032575,a0,a0
ISIC_0032579,a0,a0
ISIC_0032583,a0,a2
ISIC_0032591,a1,a0
ISIC_0032593,a1,a0
ISIC_0032594,a1,a0
ISIC_0032596,a0,a3
ISIC_0032599,a0,a2
ISIC_0032606,a0,a0
ISIC_0032607,a0,a0
ISIC_0032613,a1,a2
ISIC_0032638,a0,a0
ISIC_0032649,a1,a0
ISIC_0032653,a0,a0
ISIC_0032655,a0,a0
ISIC_0032657,a1,a0
ISIC_0032658,a0,a0
ISIC_0032667,a1,a1
ISIC_0032669,a1,a0
ISIC_0032670,a0,a0
ISIC_0032675,a0,a1
ISIC_0032732,a0,a0
ISIC_0032737,a0,a0
ISIC_0032747,a1,a0
ISIC_0032752,a0,a0
ISIC_0032755,a0,a0
ISIC_0032758,a0,a0
ISIC_0032762,a1,a0
ISIC_0032772,a0,a0
ISIC_0032778,a0,a0
ISIC_0032781,a1,a0
ISIC_0032785,a0,a0
ISIC_0032792,a0,a0
ISIC_0032793,a2,a0
ISIC_0032797,a0,a2
ISIC_0032804,a0,a2
ISIC_0032810,a0,a2
ISIC_0032813,a0,a1
ISIC_0032815,a1,a0
ISIC_0032816,a0,a0
ISIC_0032830,a0,a0
ISIC_0032831,a0,a2
ISIC_0032839,a1,a1
ISIC_0032841,a0,a2
ISIC_0032855,a0,a0
ISIC_0032856,a1,a1
ISIC_0032862,a0,a2
ISIC_0032869,a0,a3
ISIC_0032883,a3,a1
ISIC_0032909,a1,a0
ISIC_0032922,a0,a3
ISIC_0032932,a1,a1
ISIC_0032936,a0,a2
ISIC_0032938,a2,a1
ISIC_0032939,a0,a0
ISIC_0032946,a1,a0
ISIC_0032964,a0,a0
ISIC_0032972,a0,a0
ISIC_0032975,a0,a3
ISIC_0032980,a0,a0
ISIC_0032982,a0,a0
ISIC_0032984,a0,a2
ISIC_0032985,a3,a1
ISIC_0032991,a0,a2
ISIC_0032992,a0,a0
ISIC_0032997,a0,a0
ISIC_0032999,a0,a0
ISIC_0033001,a0,a2
ISIC_0033002,a1,a0
ISIC_0033015,a0,a0
ISIC_0033017,a1,a2
ISIC_0033025,a0,a0
ISIC_0033030,a1,a0
ISIC_0033053,a1,a0
ISIC_0033054,a1,a2
ISIC_0033065,a0,a0
ISIC_0033071,a0,a0
ISIC_0033072,a0,a0
ISIC_0033073,a1,a2
ISIC_0033077,a1,a0
ISIC_0033079,a0,a2
ISIC_0033089,a2,a2
ISIC_0033094,a0,a0
ISIC_0033098,a0,a0
ISIC_0033104,a3,a0
ISIC_0033116,a0,a0
ISIC_0033125,a1,a3
ISIC_0033134,a3,a0
ISIC_0033135,a0,a2
ISIC_0033147,a0,a0
ISIC_0033149,a1,a1
ISIC_0033151,a1,a1
ISIC_0033153,a1,a0
ISIC_0033162,a1,a1
ISIC_0033163,a0,a0
ISIC_0033166,a0,a0
ISIC_0033174,a0,a1
ISIC_0033189,a0,a0
ISIC_0033193,a0,a3
ISIC_0033196,a0,a0
ISIC_0033203,a1,a1
ISIC_0033214,a0,a0
ISIC_0033218,a1,a2
ISIC_0033229,a0,a0
ISIC_0033232,a0,a2
ISIC_0033236,a3,a0
ISIC_0033237,a0,a0
ISIC_0033238,a0,a1
ISIC_0033239,a0,a1
ISIC_0033249,a1,a2
ISIC_0033255,a0,a0
ISIC_0033256,a0,a1
ISIC_0033259,a0,a0
ISIC_0033275,a0,a1
ISIC_0033277,a0,a0
ISIC_0033284,a0,a1
ISIC_0033287,a1,a1
ISIC_0033294,a0,a0
ISIC_0033305,a0,a0
ISIC_0033306,a0,a3
ISIC_0033320,a0,a0
ISIC_0033329,a1,a0
ISIC_0033339,a1,a0
ISIC_0033343,a0,a0
ISIC_0033346,a0,a0
ISIC_0033353,a0,a0
ISIC_0033358,a1,a2
ISIC_0033366,a0,a1
ISIC_0033373,a0,a0
ISIC_0033383,a1,a0
ISIC_0033384,a3,a0
ISIC_0033385,a0,a3
ISIC_0033387,a1,a0
ISIC_0033403,a0,a0
ISIC_0033418,a0,a0
ISIC_0033419,a0,a0
ISIC_0033431,a1,a0
ISIC_0033439,a1,a0
ISIC_0033441,a0,a0
ISIC_0033443,a0,a0
ISIC_0033460,a0,a1
ISIC_0033463,a3,a0
ISIC_0033466,a0,a0
ISIC_0033471,a1,a2
ISIC_0033472,a0,a1
ISIC_0033473,a1,a2
ISIC_0033481,a0,a0
ISIC_0033483,a0,a1
ISIC_0033502,a0,a0
ISIC_0033524,a0,a3
ISIC_0033529,a0,a0
ISIC_0033531,a3,a1
ISIC_0033533,a1,a1
ISIC_0033541,a1,a0
ISIC_0033559,a0,a3
ISIC_0033562,a0,a2
ISIC_0033572,a0,a1
ISIC_0033587,a1,a1
ISIC_0033591,a0,a2
ISIC_0033592,a0,a2
ISIC_0033596,a0,a1
ISIC_0033598,a0,a0
ISIC_0033599,a3,a2
ISIC_0033606,a1,a1
ISIC_0033620,a0,a0
ISIC_0033624,a0,a2
ISIC_0033625,a0,a0
ISIC_0033634,a0,a0
ISIC_0033640,a0,a0
ISIC_0033646,a0,a2
ISIC_0033665,a0,a1
ISIC_0033666,a0,a2
ISIC_0033669,a0,a0
ISIC_0033683,a0,a0
ISIC_0033690,a0,a0
ISIC_0033696,a2,a2
ISIC_0033701,a0,a0
ISIC_0033719,a0,a0
ISIC_0033725,a0,a2
ISIC_0033730,a1,a2
ISIC_0033737,a0,a0
ISIC_0033748,a0,a0
ISIC_0033754,a1,a1
ISIC_0033755,a0,a0
ISIC_0033757,a1,a0
ISIC_0033759,a0,a0
ISIC_0033767,a0,a0
ISIC_0033779,a0,a0
ISIC_0033781,a1,a2
ISIC_0033787,a0,a1
ISIC_0033789,a0,a0
ISIC_0033794,a0,a0
ISIC_0033807,a0,a2
ISIC_0033808,a0,a0
ISIC_0033811,a0,a1
ISIC_0033822,a0,a0
ISIC_0033841,a1,a0
ISIC_0033847,a0,a0
ISIC_0033856,a3,a3
ISIC_0033860,a1,a0
ISIC_0033874,a0,a1
ISIC_0033878,a1,a3
ISIC_0033880,a1,a0
ISIC_0033884,a0,a0
ISIC_0033887,a2,a0
ISIC_0033898,a0,a0
ISIC_0033899,a0,a2
ISIC_0033908,a0,a1
ISIC_0033911,a0,a0
ISIC_0033919,a0,a0
ISIC_0033924,a1,a1
ISIC_0033925,a3,a0
ISIC_0033927,a0,a0
ISIC_0033928,a0,a1
ISIC_0033932,a0,a0
ISIC_0033935,a0,a0
ISIC_0033938,a0,a1
ISIC_0033939,a0,a0
ISIC_0033942,a0,a3
ISIC_0033951,a0,a0
ISIC_0033955,a1,a0
ISIC_0033960,a0,a0
ISIC_0033971,a1,a0
ISIC_0033982,a0,a0
ISIC_0033985,a1,a2
ISIC_0033987,a0,a0
ISIC_0033994,a0,a0
ISIC_0033999,a0,a3
ISIC_0034003,a3,a1
ISIC_0034021,a0,a0
ISIC_0034022,a0,a1
ISIC_0034041,a1,a0
ISIC_0034044,a0,a0
ISIC_0034047,a1,a2
ISIC_0034049,a1,a3
ISIC_0034054,a0,a0
ISIC_0034057,a0,a2
ISIC_0034058,a0,a2
ISIC_0034060,a0,a0
ISIC_0034062,a1,a0
ISIC_0034068,a0,a0
ISIC_0034089,a0,a1
ISIC_0034090,a1,a1
ISIC_0034103,a1,a1
ISIC_0034109,a0,a0
ISIC_0034140,a1,a3
ISIC_0034142,a0,a1
ISIC_0034144,a1,a0
ISIC_0034162,a1,a2
ISIC_0034170,a1,a1
ISIC_0034179,a0,a0
ISIC_0034189,a0,a3
ISIC_0034191,a1,a0
ISIC_0034197,a0,a3
ISIC_0034206,a0,a0
ISIC_0034219,a0,a0
ISIC_0034226,a1,a0
ISIC_0034229,a0,a2
ISIC_0034244,a0,a0
ISIC_0034256,a0,a3
ISIC_0034270,a1,a0
ISIC_0034283,a0,a0
ISIC_0034286,a0,a0
ISIC_0034301,a0,a0
ISIC_0034318,a0,a0
ISIC_0034319,a0,a0
ISIC_0053463,a1,a1
ISIC_0053470,a0,a3
ISIC_0053473,a1,a2
ISIC_0053478,a0,a0
ISIC_0053483,a1,a2
ISIC_0053505,a0,a3
ISIC_0053532,a0,a3
ISIC_0053535,a1,a2
ISIC_0053541,a1,a3
ISIC_0053552,a0,a2
ISIC_0053554,a0,a2
ISIC_0053557,a0,a0
ISIC_0053563,a0,a1
ISIC_0053577,a0,a1
ISIC_0053579,a0,a0
ISIC_0053583,a0,a3
ISIC_0053584,a0,a0
ISIC_0053611,a1,a0
ISIC_0053620,a3,a2
ISIC_0053626,a3,a2
ISIC_0053629,a0,a2
ISIC_0053630,a1,a0
ISIC_0053636,a1,a0
ISIC_0053637,a0,a2
ISIC_0053642,a1,a0
ISIC_0053645,a0,a1
ISIC_0053655,a1,a0
ISIC_0053663,a3,a1
ISIC_0053664,a0,a1
ISIC_0053681,a0,a0
ISIC_0053688,a0,a1
ISIC_0053692,a3,a2
ISIC_0053712,a0,a2
ISIC_0053714,a0,a0
ISIC_0053720,a0,a0
ISIC_0053729,a0,a1
ISIC_0053731,a1,a2
ISIC_0053738,a0,a2
ISIC_0053740,a0,a2
ISIC_0053748,a0,a1
ISIC_0053755,a1,a0
ISIC_0053756,a1,a1
ISIC_0053769,a0,a2
ISIC_0053801,a0,a0
ISIC_0053803,a2,a1
ISIC_0053809,a0,a3
ISIC_0053813,a0,a2
ISIC_0053815,a0,a2
ISIC_0053816,a0,a2
ISIC_0053841,a1,a2
ISIC_0053870,a1,a2
ISIC_0053892,a0,a2
ISIC_0053894,a0,a0
ISIC_0053921,a0,a0
ISIC_0053933,a3,a3
ISIC_0053940,a0,a0
ISIC_0053953,a1,a3
ISIC_0053960,a0,a1
ISIC_0053973,a3,a3
ISIC_0053982,a0,a3
ISIC_0053990,a0,a1
ISIC_0053993,a1,a2
ISIC_0054006,a1,a2
ISIC_0054021,a3,a3
ISIC_0054027,a0,a0
ISIC_0054039,a0,a0
ISIC_0054069,a0,a0
ISIC_0054107,a0,a1
ISIC_0054110,a3,a1
ISIC_0054113,a0,a2
ISIC_0054118,a1,a2
ISIC_0054119,a0,a2
ISIC_0054121,a0,a3
ISIC_0054128,a0,a1
ISIC_0054134,a0,a0
ISIC_0054142,a0,a2
ISIC_0054146,a0,a3
ISIC_0054157,a0,a1
ISIC_0054158,a0,a0
ISIC_0054165,a0,a2
ISIC_0054189,a1,a1
ISIC_0054198,a0,a0
ISIC_0054204,a0,a2
ISIC_0054205,a0,a2
ISIC_0054223,a1,a0
ISIC_0054233,a0,a3
ISIC_0054238,a0,a0
ISIC_0054239,a1,a0
ISIC_0054244,a0,a0
ISIC_0054277,a0,a1
ISIC_0054287,a3,a0
ISIC_0054297,a1,a2
ISIC_0054307,a0,a0
ISIC_0054310,a3,a1
ISIC_0054317,a0,a3
ISIC_0054329,a3,a3
ISIC_0054338,a0,a2
ISIC_0054342,a0,a2
ISIC_0054344,a0,a3
ISIC_0054353,a0,a2
ISIC_0054362,a0,a0
ISIC_0054381,a0,a2
ISIC_0054382,a0,a0
ISIC_0054398,a0,a3
ISIC_0054403,a3,a2
ISIC_0054409,a0,a3
ISIC_0054413,a1,a2
ISIC_0054435,a3,a0
ISIC_0054451,a0,a2
ISIC_0054463,a0,a2
ISIC_0054486,a0,a0
ISIC_0054495,a0,a0
ISIC_0054504,a0,a2
ISIC_0054518,a1,a2
ISIC_0054520,a0,a2
ISIC_0054543,a0,a1
ISIC_0054546,a0,a2
ISIC_0054552,a0,a2
ISIC_0054554,a1,a2
ISIC_0054573,a0,a3
ISIC_0054591,a0,a0
ISIC_0054594,a2,a2
ISIC_0054600,a0,a2
ISIC_0054605,a0,a1
ISIC_0054606,a1,a2
ISIC_0054618,a3,a0
ISIC_0054622,a0,a0
ISIC_0054624,a0,a0
ISIC_0054631,a0,a0
ISIC_0054644,a0,a2
ISIC_0054650,a1,a0
ISIC_0054658,a1,a2
ISIC_0054660,a0,a2
ISIC_0054665,a0,a0
ISIC_0054670,a0,a3
ISIC_0054691,a2,a2
ISIC_0054700,a1,a0
ISIC_0054708,a1,a2
ISIC_0054710,a0,a3
ISIC_0054738,a0,a0
ISIC_0054748,a0,a1
ISIC_0054793,a1,a3
ISIC_0054797,a0,a1
ISIC_0054800,a0,a3
ISIC_0054826,a1,a1
ISIC_0054831,a0,a0
ISIC_0054834,a0,a2
ISIC_0054836,a0,a2
ISIC_0054840,a1,a1
ISIC_0054850,a1,a0
ISIC_0054861,a1,a2
ISIC_0054879,a1,a0
ISIC_0054891,a0,a0
ISIC_0054899,a1,a2
ISIC_0054900,a0,a2
ISIC_0054903,a0,a0
ISIC_0054911,a0,a2
ISIC_0054912,a1,a3
ISIC_0054921,a1,a1
ISIC_0054924,a3,a2
ISIC_0054925,a0,a0
ISIC_0054933,a0,a1
ISIC_0054936,a0,a3
ISIC_0054937,a0,a2
ISIC_0054941,a0,a2
ISIC_0054963,a0,a1
ISIC_0054978,a0,a2
ISIC_0054985,a0,a2
ISIC_0054993,a0,a2
ISIC_0055000,a0,a2
ISIC_0055007,a0,a2
ISIC_0055022,a0,a2
ISIC_0055024,a0,a2
ISIC_0055032,a0,a2
ISIC_0055034,a0,a0
ISIC_0055038,a1,a2
ISIC_0055050,a0,a2
ISIC_0055053,a0,a0
ISIC_0055079,a1,a3
ISIC_0055080,a0,a2
ISIC_0055087,a1,a3
ISIC_0055098,a0,a2
ISIC_0055099,a0,a2
ISIC_0055112,a1,a2
ISIC_0055114,a0,a0
ISIC_0055125,a0,a0
ISIC_0055136,a1,a2
ISIC_0055140,a0,a2
ISIC_0055141,a1,a2
ISIC_0055147,a0,a2
ISIC_0055157,a0,a2
ISIC_0055167,a0,a0
ISIC_0055180,a1,a2
ISIC_0055186,a0,a0
ISIC_0055209,a0,a2
ISIC_0055219,a2,a2
ISIC_0055221,a1,a2
ISIC_0055223,a0,a2
ISIC_0055239,a1,a0
ISIC_0055241,a2,a2
ISIC_0055246,a0,a3
ISIC_0055249,a0,a3
ISIC_0055253,a0,a2
ISIC_0055259,a1,a3
ISIC_0055262,a1,a2
ISIC_0055279,a0,a3
ISIC_0055283,a0,a0
ISIC_0055287,a1,a0
ISIC_0055291,a0,a2
ISIC_0055292,a0,a1
ISIC_0055294,a0,a1
ISIC_0055295,a0,a3
ISIC_0055296,a1,a0
ISIC_0055301,a1,a0
ISIC_0055303,a0,a2
ISIC_0055307,a2,a2
ISIC_0055309,a0,a0
ISIC_0055311,a1,a2
ISIC_0055312,a0,a2
ISIC_0055314,a0,a3
ISIC_0055318,a0,a3
ISIC_0055322,a1,a0
ISIC_0055328,a0,a3
ISIC_0055331,a0,a2
ISIC_0055353,a1,a2
ISIC_0055354,a0,a0
ISIC_0055381,a0,a0
ISIC_0055451,a1,a0
ISIC_0055452,a2,a3
ISIC_0055460,a0,a3
ISIC_0055463,a0,a2
ISIC_0055467,a1,a3
ISIC_0055473,a1,a1
ISIC_0055474,a1,a1
ISIC_0055483,a0,a2
ISIC_0055484,a0,a1
ISIC_0055501,a3,a3
ISIC_0055509,a0,a1
ISIC_0055513,a0,a3
ISIC_0055537,a1,a2
ISIC_0055564,a0,a0
ISIC_0055583,a1,a2
ISIC_0055591,a0,a0
ISIC_0055606,a0,a1
ISIC_0055608,a0,a2
ISIC_0055623,a0,a2
ISIC_0055636,a2,a2
ISIC_0055645,a0,a2
ISIC_0055657,a0,a0
ISIC_0055677,a0,a2
ISIC_0055681,a1,a1
ISIC_0055698,a0,a2
ISIC_0055702,a0,a0
ISIC_0055706,a0,a2
ISIC_0055711,a1,a1
ISIC_0055714,a0,a2
ISIC_0055718,a1,a0
ISIC_0055728,a3,a2
ISIC_0055730,a0,a2
ISIC_0055741,a0,a3
ISIC_0055742,a0,a1
ISIC_0055745,a1,a0
ISIC_0055749,a0,a0
ISIC_0055751,a0,a0
ISIC_0055753,a0,a1
ISIC_0055758,a0,a2
ISIC_0055768,a0,a2
ISIC_0055772,a2,a2
ISIC_0055800,a0,a1
ISIC_0055816,a0,a0
ISIC_0055833,a1,a2
ISIC_0055850,a0,a1
ISIC_0055859,a0,a3
ISIC_0055862,a0,a2
ISIC_0055863,a1,a1
ISIC_0055885,a0,a0
ISIC_0055887,a1,a2
ISIC_0055893,a1,a1
ISIC_0055894,a0,a0
ISIC_0055902,a0,a3
ISIC_0055913,a0,a1
ISIC_0055917,a0,a0
ISIC_0055927,a1,a1
ISIC_0055931,a0,a2
ISIC_0055937,a0,a3
ISIC_0055945,a1,a0
ISIC_0055955,a0,a2
ISIC_0055968,a1,a2
ISIC_0055976,a3,a3
ISIC_0056008,a0,a0
ISIC_0056017,a0,a1
ISIC_0056037,a0,a1
ISIC_0056039,a0,a2
ISIC_0056041,a0,a0
ISIC_0056067,a0,a0
ISIC_0056071,a0,a3
ISIC_0056095,a1,a1
ISIC_0056107,a2,a2
ISIC_0056108,a3,a0
ISIC_0056111,a0,a0
ISIC_0056119,a0,a3
ISIC_0056127,a0,a3
ISIC_0056129,a1,a0
ISIC_0056138,a1,a1
ISIC_0056150,a0,a2
ISIC_0056152,a0,a0
ISIC_0056156,a1,a0
ISIC_0056164,a0,a2
ISIC_0056175,a2,a2
ISIC_0056178,a3,a0
ISIC_0056190,a0,a3
ISIC_0056202,a0,a3
ISIC_0056203,a0,a0
ISIC_0056210,a1,a2
ISIC_0056220,a0,a2
ISIC_0056228,a0,a1
ISIC_0056235,a0,a2
ISIC_0056246,a1,a0
ISIC_0056250,a0,a0
ISIC_0056256,a0,a1
ISIC_0056259,a1,a2
ISIC_0056269,a0,a1
ISIC_0056274,a3,a1
ISIC_0056276,a3,a2
ISIC_0056295,a0,a2
ISIC_0056297,a0,a2
ISIC_0056321,a1,a2
ISIC_0056327,a1,a0
ISIC_0056339,a0,a1
ISIC_0056344,a0,a1
ISIC_0056354,a1,a0
ISIC_0056364,a1,a0
ISIC_0056369,a0,a0
ISIC_0056370,a0,a3
ISIC_0056391,a0,a2
ISIC_0056413,a1,a3
ISIC_0056418,a2,a2
ISIC_0056428,a0,a3
ISIC_0056431,a3,a2
ISIC_0056437,a0,a1
ISIC_0056458,a0,a0
ISIC_0056487,a0,a1
ISIC_0056493,a3,a2
ISIC_0056496,a0,a3
ISIC_0056501,a0,a2
ISIC_0056508,a0,a0
ISIC_0056529,a0,a0
ISIC_0056530,a0,a2
ISIC_0056534,a0,a0
ISIC_0056549,a0,a2
ISIC_0056583,a0,a3
ISIC_0056613,a0,a2
ISIC_0056617,a0,a0
ISIC_0056622,a0,a2
ISIC_0056651,a0,a0
ISIC_0056655,a1,a1
ISIC_0056662,a0,a2
ISIC_0056669,a0,a2
ISIC_0056677,a1,a3
ISIC_0056689,a0,a0
ISIC_0056724,a0,a0
ISIC_0056732,a2,a0
ISIC_0056733,a1,a0
ISIC_0056743,a0,a3
ISIC_0056752,a0,a2
ISIC_0056756,a1,a2
ISIC_0056766,a0,a2
ISIC_0056767,a0,a2
ISIC_0056768,a0,a2
ISIC_0056771,a3,a0
ISIC_0056782,a0,a0
ISIC_0056786,a1,a2
ISIC_0056787,a1,a2
ISIC_0056805,a1,a0
ISIC_0056808,a0,a2
ISIC_0056818,a0,a1
ISIC_0056824,a0,a2
ISIC_0056826,a0,a2
ISIC_0056840,a0,a0
ISIC_0056843,a0,a2
ISIC_0056846,a0,a0
ISIC_0056854,a2,a1
ISIC_0056855,a1,a2
ISIC_0056861,a0,a0
ISIC_0056867,a0,a3
ISIC_0056880,a0,a0
ISIC_0056898,a0,a1
ISIC_0056923,a1,a0
ISIC_0056925,a2,a2
ISIC_0056926,a0,a3
ISIC_0056927,a3,a2
ISIC_0056939,a3,a0
ISIC_0056960,a0,a0
ISIC_0056966,a1,a0
ISIC_0056979,a0,a3
ISIC_0056996,a0,a0
ISIC_0057005,a2,a0
ISIC_0057017,a0,a1
ISIC_0057044,a0,a3
ISIC_0057051,a0,a2
ISIC_0057085,a0,a1
ISIC_0057092,a1,a1
ISIC_0057110,a1,a2
ISIC_0057127,a1,a0
ISIC_0057141,a1,a0
ISIC_0057145,a1,a2
ISIC_0057153,a0,a0
ISIC_0057162,a1,a0
ISIC_0057164,a0,a3
ISIC_0057166,a0,a0
ISIC_0057167,a0,a0
ISIC_0057169,a0,a2
ISIC_0057178,a0,a0
ISIC_0057202,a1,a0
ISIC_0057225,a0,a2
ISIC_0057235,a0,a2
ISIC_0057237,a0,a1
ISIC_0057244,a1,a0
ISIC_0057247,a0,a0
ISIC_0057251,a0,a3
ISIC_0057254,a1,a0
ISIC_0057256,a1,a1
ISIC_0057266,a0,a2
ISIC_0057280,a2,a2
ISIC_0057329,a0,a1
ISIC_0057330,a2,a1
ISIC_0057339,a0,a0
ISIC_0057342,a0,a0
ISIC_0057377,a1,a1
ISIC_0057390,a0,a2
ISIC_0057393,a1,a1
ISIC_0057395,a1,a1
ISIC_0057396,a0,a0
ISIC_0057412,a0,a1
ISIC_0057429,a0,a0
ISIC_0057443,a0,a0
ISIC_0057453,a0,a0
ISIC_0057471,a1,a2
ISIC_0057477,a1,a2
ISIC_0057498,a0,a2
ISIC_0057506,a1,a0
ISIC_0057512,a0,a0
ISIC_0057545,a0,a1
ISIC_0057550,a0,a3
ISIC_0057562,a1,a2
ISIC_0057572,a1,a2
ISIC_0057586,a0,a2
ISIC_0057626,a1,a1
ISIC_0057631,a1,a3
ISIC_0057639,a2,a0
ISIC_0057651,a2,a0
ISIC_0057655,a0,a2
ISIC_0057666,a0,a3
ISIC_0057677,a0,a2
ISIC_0057679,a1,a1
ISIC_0057693,a1,a0
ISIC_0057701,a0,a0
ISIC_0057740,a1,a2
ISIC_0057747,a0,a3
ISIC_0057748,a1,a2
ISIC_0057762,a1,a1
ISIC_0057763,a0,a2
ISIC_0057786,a1,a1
ISIC_0057791,a1,a3
ISIC_0057798,a0,a1
ISIC_0057817,a3,a0
ISIC_0057821,a0,a3
ISIC_0057827,a1,a3
ISIC_0057834,a0,a1
ISIC_0057871,a0,a2
ISIC_0057873,a2,a0
ISIC_0057874,a0,a2
ISIC_0057875,a0,a0
ISIC_0057899,a0,a2
ISIC_0057901,a1,a1
ISIC_0057903,a0,a2
ISIC_0057913,a0,a3
ISIC_0057937,a1,a2
ISIC_0057942,a1,a2
ISIC_0057958,a0,a0
ISIC_0057959,a0,a0
ISIC_0057997,a0,a1
ISIC_0058021,a0,a3
ISIC_0058025,a1,a2
ISIC_0058032,a0,a2
ISIC_0058050,a0,a0
ISIC_0058057,a0,a0
ISIC_0058064,a3,a2
ISIC_0058073,a1,a0
ISIC_0058088,a0,a2
ISIC_0058097,a2,a3
ISIC_0058098,a0,a0
ISIC_0058099,a0,a3
ISIC_0058111,a0,a1
ISIC_0058118,a0,a3
ISIC_0058120,a0,a2
ISIC_0058132,a1,a0
ISIC_0058135,a0,a2
ISIC_0058150,a1,a2
ISIC_0058184,a0,a2
ISIC_0058193,a1,a0
ISIC_0058197,a0,a1
ISIC_0058245,a2,a1
ISIC_0058252,a0,a3
ISIC_0058261,a0,a1
ISIC_0058262,a1,a0
ISIC_0058276,a0,a1
ISIC_0058278,a0,a1
ISIC_0058285,a3,a2
ISIC_0058327,a1,a2
ISIC_0058338,a0,a3
ISIC_0058349,a0,a1
ISIC_0058362,a0,a3
ISIC_0058364,a3,a1
ISIC_0058366,a0,a3
ISIC_0058383,a0,a2
ISIC_0058392,a0,a2
ISIC_0058393,a0,a2
ISIC_0058425,a0,a1
ISIC_0058426,a3,a0
ISIC_0058431,a0,a2
ISIC_0058442,a3,a1
ISIC_0058470,a0,a0
ISIC_0058476,a0,a2
ISIC_0058477,a0,a1
ISIC_0058481,a2,a0
ISIC_0058493,a1,a0
ISIC_0058499,a0,a3
ISIC_0058500,a0,a2
ISIC_0058508,a1,a2
ISIC_0058509,a0,a3
ISIC_0058513,a0,a2
ISIC_0058514,a0,a3
ISIC_0058517,a0,a0
ISIC_0058534,a0,a0
ISIC_0058546,a1,a0
ISIC_0058559,a0,a3
ISIC_0058565,a0,a2
ISIC_0058569,a0,a3
ISIC_0058573,a3,a2
ISIC_0058580,a0,a2
ISIC_0058582,a0,a0
ISIC_0058584,a0,a2
ISIC_0058588,a2,a0
ISIC_0058606,a1,a1
ISIC_0058608,a0,a3
ISIC_0058625,a2,a0
ISIC_0058639,a0,a2
ISIC_0058641,a1,a0
ISIC_0058645,a3,a3
ISIC_0058651,a1,a2
ISIC_0058652,a1,a0
ISIC_0058661,a1,a0
ISIC_0058664,a3,a2
ISIC_0058681,a0,a1
ISIC_0058698,a0,a3
ISIC_0058713,a0,a2
ISIC_0058724,a1,a3
ISIC_0058729,a0,a0
ISIC_0058747,a2,a0
ISIC_0058751,a2,a2
ISIC_0058756,a0,a2
ISIC_0058760,a0,a3
ISIC_0058768,a0,a2
ISIC_0058802,a1,a1
ISIC_0058821,a3,a1
ISIC_0058829,a0,a1
ISIC_0058835,a0,a0
ISIC_0058845,a1,a1
ISIC_0058847,a0,a2
ISIC_0058864,a1,a2
ISIC_0058880,a0,a3
ISIC_0058882,a3,a0
ISIC_0058895,a0,a0
ISIC_0058910,a0,a3
ISIC_0058920,a0,a2
ISIC_0058952,a1,a1
ISIC_0058957,a3,a2
ISIC_0058959,a1,a2
ISIC_0058971,a0,a2
ISIC_0058983,a0,a2
ISIC_0058984,a0,a3
ISIC_0058990,a0,a2
ISIC_0058996,a0,a2
ISIC_0059000,a0,a0
ISIC_0059008,a0,a0
ISIC_0059066,a0,a1
ISIC_0059076,a1,a3
ISIC_0059081,a0,a2
ISIC_0059104,a0,a3
ISIC_0059106,a2,a2
ISIC_0059111,a0,a2
ISIC_0059118,a0,a0
ISIC_0059135,a1,a2
ISIC_0059136,a1,a0
ISIC_0059140,a3,a1
ISIC_0059148,a0,a1
ISIC_0059165,a0,a0
ISIC_0059219,a3,a0
ISIC_0059230,a0,a0
ISIC_0059242,a0,a1
ISIC_0059265,a0,a2
ISIC_0059267,a0,a0
ISIC_0059295,a1,a2
ISIC_0059306,a1,a1
ISIC_0059341,a1,a0
ISIC_0059349,a0,a3
ISIC_0059353,a0,a0
ISIC_0059360,a0,a2
ISIC_0059362,a0,a3
ISIC_0059370,a1,a2
ISIC_0059372,a0,a1
ISIC_0059379,a1,a0
ISIC_0059385,a1,a0
ISIC_0059397,a1,a2
ISIC_0059405,a1,a1
ISIC_0059416,a0,a0
ISIC_0059418,a0,a0
ISIC_0059420,a0,a3
ISIC_0059424,a1,a3
ISIC_0059432,a0,a2
ISIC_0059434,a0,a0
ISIC_0059436,a3,a0
ISIC_0059438,a0,a0
ISIC_0059439,a0,a0
ISIC_0059444,a1,a2
ISIC_0059447,a0,a2
ISIC_0059465,a1,a0
ISIC_0059477,a0,a1
ISIC_0059480,a1,a2
ISIC_0059488,a3,a3
ISIC_0059513,a0,a3
ISIC_0059519,a0,a1
ISIC_0059524,a0,a1
ISIC_0059572,a1,a2
ISIC_0059587,a0,a1
ISIC_0059599,a1,a0
ISIC_0059609,a0,a2
ISIC_0059614,a0,a0
ISIC_0059626,a0,a2
ISIC_0059635,a1,a3
ISIC_0059669,a0,a3
ISIC_0059681,a1,a0
ISIC_0059699,a0,a0
ISIC_0059700,a0,a2
ISIC_0059711,a0,a1
ISIC_0059713,a0,a0
ISIC_0059721,a1,a0
ISIC_0059725,a0,a2
ISIC_0059741,a1,a2
ISIC_0059743,a0,a1
ISIC_0059762,a1,a0
ISIC_0059793,a0,a2
ISIC_0059813,a0,a0
ISIC_0059818,a1,a0
ISIC_0059835,a0,a1
ISIC_0059836,a0,a2
ISIC_0059841,a0,a0
ISIC_0059864,a0,a0
ISIC_0059865,a0,a2
ISIC_0059886,a1,a2
ISIC_0059892,a2,a1
ISIC_0059897,a0,a3
ISIC_0059914,a0,a0
ISIC_0059918,a1,a2
ISIC_0059920,a0,a2
ISIC_0059940,a0,a2
ISIC_0059954,a1,a2
ISIC_0059987,a0,a2
ISIC_0060006,a0,a2
ISIC_0060021,a0,a2
ISIC_0060028,a0,a0
ISIC_0060032,a0,a3
ISIC_0060055,a0,a2
ISIC_0060078,a0,a1
ISIC_0060086,a2,a2
ISIC_0060093,a1,a2
ISIC_0060104,a0,a2
ISIC_0060107,a0,a2
ISIC_0060109,a1,a2
ISIC_0060116,a0,a2
ISIC_0060139,a1,a2
ISIC_0060140,a0,a3
ISIC_0060151,a0,a2
ISIC_0060152,a0,a2
ISIC_0060153,a1,a3
ISIC_0060154,a0,a3
ISIC_0060164,a0,a0
ISIC_0060194,a0,a3
ISIC_0060202,a0,a2
ISIC_0060209,a0,a3
ISIC_0060225,a0,a3
ISIC_0060228,a1,a3
ISIC_0060230,a3,a2
ISIC_0060233,a0,a2
ISIC_0060236,a0,a2
ISIC_0060240,a0,a0
ISIC_0060243,a1,a0
ISIC_0060246,a0,a0
ISIC_0060257,a0,a2
ISIC_0060264,a1,a1
ISIC_0060266,a0,a3
ISIC_0060286,a0,a0
ISIC_0060287,a1,a3
ISIC_0060305,a2,a1
ISIC_0060340,a1,a3
ISIC_0060342,a0,a2
ISIC_0060360,a0,a0
ISIC_0060361,a0,a3
ISIC_0060380,a0,a3
ISIC_0060386,a1,a0
ISIC_0060392,a0,a2
ISIC_0060402,a0,a0
ISIC_0060403,a1,a2
ISIC_0060427,a0,a0
ISIC_0060446,a0,a0
ISIC_0060448,a1,a0
ISIC_0060451,a1,a0
ISIC_0060452,a1,a1
ISIC_0060461,a1,a0
ISIC_0060470,a0,a0
ISIC_0060473,a1,a2
ISIC_0060477,a1,a3
ISIC_0060490,a1,a2
ISIC_0060501,a1,a0
ISIC_0060509,a0,a2
ISIC_0060512,a0,a2
ISIC_0060520,a0,a2
ISIC_0060543,a0,a0
ISIC_0060549,a2,a2
ISIC_0060555,a0,a2
ISIC_0060572,a0,a0
ISIC_0060581,a0,a0
ISIC_0060588,a0,a2
ISIC_0060594,a0,a2
ISIC_0060595,a0,a0
ISIC_0060602,a0,a2
ISIC_0060619,a0,a0
ISIC_0060622,a3,a2
ISIC_0060636,a0,a1
ISIC_0060666,a0,a0
ISIC_0060679,a2,a2
ISIC_0060682,a1,a2
ISIC_0060706,a0,a3
ISIC_0060707,a0,a0
ISIC_0060735,a0,a1
ISIC_0060736,a1,a2
ISIC_0060738,a1,a2
ISIC_0060741,a0,a2
ISIC_0060744,a2,a2
ISIC_0060749,a0,a0
ISIC_0060764,a0,a1
ISIC_0060803,a0,a2
ISIC_0060807,a1,a2
ISIC_0060822,a0,a1
ISIC_0060824,a0,a2
ISIC_0060828,a0,a0
ISIC_0060829,a0,a3
ISIC_0060834,a0,a0
ISIC_0060850,a0,a2
ISIC_0060854,a2,a2
ISIC_0060863,a1,a0
ISIC_0060869,a1,a2
ISIC_0060873,a0,a3
ISIC_0060906,a0,a2
ISIC_0060919,a1,a2
ISIC_0060922,a1,a2
ISIC_0060925,a0,a2
ISIC_0060928,a0,a2
ISIC_0060937,a0,a0
ISIC_0060946,a0,a3
ISIC_0060947,a1,a0
ISIC_0060966,a0,a3
ISIC_0060972,a0,a3
ISIC_0060978,a0,a1
ISIC_0060991,a0,a2
ISIC_0060994,a1,a2
ISIC_0061037,a0,a0
ISIC_0061040,a0,a0
ISIC_0061056,a0,a2
ISIC_0061057,a1,a3
ISIC_0061061,a0,a0
ISIC_0061066,a0,a0
ISIC_0061068,a3,a2
ISIC_0061077,a3,a0
ISIC_0061111,a0,a0
ISIC_0061119,a0,a2
ISIC_0061121,a1,a2
ISIC_0061126,a0,a0
ISIC_0061134,a0,a3
ISIC_0061135,a0,a2
ISIC_0061158,a0,a2
ISIC_0061168,a0,a1
ISIC_0061173,a3,a3
ISIC_0061174,a0,a2
ISIC_0061183,a3,a1
ISIC_0061188,a0,a0
ISIC_0061206,a0,a2
ISIC_0061208,a0,a1
ISIC_0061209,a1,a3
ISIC_0061241,a0,a0
ISIC_0061270,a1,a2
ISIC_0061274,a1,a0
ISIC_0061285,a1,a2
ISIC_0061294,a0,a2
ISIC_0061307,a1,a2
ISIC_0061330,a3,a0
ISIC_0061381,a1,a0
ISIC_0061407,a0,a3
ISIC_0061410,a3,a1
ISIC_0061423,a0,a1
ISIC_0061438,a0,a2
ISIC_0061446,a0,a2
ISIC_0061478,a1,a0
ISIC_0061490,a1,a3
ISIC_0061504,a1,a3
ISIC_0061511,a1,a2
ISIC_0061513,a0,a2
ISIC_0061516,a1,a3
ISIC_0061531,a0,a2
ISIC_0061532,a0,a3
ISIC_0061558,a0,a0
ISIC_0061560,a3,a0
ISIC_0061563,a1,a0
ISIC_0061564,a0,a0
ISIC_0061586,a3,a2
ISIC_0061600,a0,a2
ISIC_0061607,a0,a2
ISIC_0061617,a0,a0
ISIC_0061623,a0,a0
ISIC_0061624,a0,a3
ISIC_0061643,a0,a3
ISIC_0061647,a0,a3
ISIC_0061687,a3,a2
ISIC_0061692,a1,a1
ISIC_0061732,a0,a2
ISIC_0061738,a1,a2
ISIC_0061751,a3,a3
ISIC_0061766,a0,a0
ISIC_0061774,a0,a0
ISIC_0061778,a0,a1
ISIC_0061787,a0,a2
ISIC_0061792,a0,a0
ISIC_0061799,a0,a2
ISIC_0061803,a1,a0
ISIC_0061814,a0,a2
ISIC_0061825,a0,a3
ISIC_0061847,a0,a0
ISIC_0061862,a1,a1
ISIC_0061896,a0,a2
ISIC_0061899,a0,a1
ISIC_0061900,a3,a3
ISIC_0061903,a0,a0
ISIC_0061908,a0,a2
ISIC_0061923,a3,a3
ISIC_0061929,a1,a0
ISIC_0061941,a1,a3
ISIC_0061966,a1,a0
ISIC_0061981,a0,a1
ISIC_0061999,a0,a2
ISIC_0062005,a0,a2
ISIC_0062006,a0,a2
ISIC_0062008,a0,a0
ISIC_0062025,a1,a0
ISIC_0062026,a0,a3
ISIC_0062027,a0,a3
ISIC_0062043,a0,a0
ISIC_0062065,a1,a0
ISIC_0062066,a1,a2
ISIC_0062087,a0,a3
ISIC_0062092,a1,a0
ISIC_0062104,a0,a2
ISIC_0062115,a1,a3
ISIC_0062132,a0,a2
ISIC_0062137,a0,a1
ISIC_0062141,a0,a3
ISIC_0062144,a0,a0
ISIC_0062148,a0,a0
ISIC_0062153,a0,a0
ISIC_0062158,a0,a3
ISIC_0062161,a1,a3
ISIC_0062162,a1,a2
ISIC_0062185,a2,a0
ISIC_0062187,a1,a1
ISIC_0062193,a0,a0
ISIC_0062198,a0,a0
ISIC_0062201,a0,a1
ISIC_0062204,a1,a3
ISIC_0062209,a0,a1
ISIC_0062224,a3,a2
ISIC_0062225,a3,a2
ISIC_0062245,a1,a2
ISIC_0062260,a3,a3
ISIC_0062261,a0,a2
ISIC_0062271,a0,a2
ISIC_0062286,a0,a1
ISIC_0062295,a0,a1
ISIC_0062297,a0,a1
ISIC_0062305,a0,a2
ISIC_0062306,a0,a0
ISIC_0062310,a0,a0
ISIC_0062320,a1,a0
ISIC_0062352,a3,a0
ISIC_0062361,a0,a2
ISIC_0062368,a0,a2
ISIC_0062370,a1,a0
ISIC_0062382,a1,a3
ISIC_0062387,a0,a2
ISIC_0062408,a2,a2
ISIC_0062409,a0,a2
ISIC_0062423,a1,a3
ISIC_0062424,a1,a1
ISIC_0062443,a0,a3
ISIC_0062446,a1,a0
ISIC_0062451,a0,a3
ISIC_0062456,a1,a0
ISIC_0062463,a0,a2
ISIC_0062465,a0,a0
ISIC_0062484,a0,a0
ISIC_0062506,a1,a0
ISIC_0062508,a0,a2
ISIC_0062516,a0,a0
ISIC_0062517,a0,a2
ISIC_0062525,a1,a2
ISIC_0062531,a0,a3
ISIC_0062534,a0,a1
ISIC_0062544,a1,a2
ISIC_0062549,a0,a2
ISIC_0062590,a1,a2
ISIC_0062596,a0,a0
ISIC_0062601,a1,a2
ISIC_0062609,a1,a2
ISIC_0062611,a1,a2
ISIC_0062616,a0,a0
ISIC_0062626,a0,a3
ISIC_0062661,a0,a3
ISIC_0062662,a0,a2
ISIC_0062664,a0,a2
ISIC_0062683,a0,a2
ISIC_0062702,a1,a0
ISIC_0062703,a0,a0
ISIC_0062713,a1,a2
ISIC_0062717,a0,a0
ISIC_0062718,a0,a0
ISIC_0062721,a1,a3
ISIC_0062726,a3,a0
ISIC_0062762,a0,a3
ISIC_0062779,a0,a1
ISIC_0062791,a1,a0
ISIC_0062803,a1,a0
ISIC_0062804,a0,a1
ISIC_0062810,a1,a1
ISIC_0062816,a3,a0
ISIC_0062830,a1,a1
ISIC_0062834,a0,a2
ISIC_0062837,a0,a2
ISIC_0062842,a1,a0
ISIC_0062847,a0,a0
ISIC_0062863,a0,a0
ISIC_0062864,a1,a0
ISIC_0062877,a0,a2
ISIC_0062891,a3,a0
ISIC_0062894,a1,a2
ISIC_0062903,a0,a2
ISIC_0062912,a1,a0
ISIC_0062917,a0,a0
ISIC_0062927,a1,a2
ISIC_0062935,a0,a3
ISIC_0062945,a0,a2
ISIC_0062951,a3,a2
ISIC_0062953,a1,a1
ISIC_0062960,a2,a0
ISIC_0062961,a0,a1
ISIC_0062970,a3,a0
ISIC_0062973,a1,a0
ISIC_0062979,a0,a0
ISIC_0062980,a1,a1
ISIC_0063001,a0,a0
ISIC_0063003,a0,a1
ISIC_0063005,a2,a0
ISIC_0063007,a1,a2
ISIC_0063030,a0,a2
ISIC_0063035,a0,a1
ISIC_0063045,a0,a2
ISIC_0063047,a3,a2
ISIC_0063083,a0,a2
ISIC_0063092,a2,a0
ISIC_0063107,a0,a2
ISIC_0063122,a0,a2
ISIC_0063124,a0,a0
ISIC_0063135,a0,a3
ISIC_0063139,a0,a0
ISIC_0063143,a0,a0
ISIC_0063153,a3,a3
ISIC_0063155,a1,a1
ISIC_0063157,a0,a3
ISIC_0063160,a1,a0
ISIC_0063171,a0,a2
ISIC_0063178,a0,a2
ISIC_0063190,a0,a0
ISIC_0063197,a0,a0
ISIC_0063204,a0,a0
ISIC_0063208,a0,a2
ISIC_0063213,a3,a2
ISIC_0063227,a1,a2
ISIC_0063261,a0,a1
ISIC_0063263,a0,a1
ISIC_0063264,a0,a2
ISIC_0063267,a0,a0
ISIC_0063268,a0,a1
ISIC_0063293,a0,a2
ISIC_0063295,a0,a2
ISIC_0063316,a1,a0
ISIC_0063320,a0,a2
ISIC_0063324,a0,a1
ISIC_0063342,a0,a2
ISIC_0063368,a1,a2
ISIC_0063382,a0,a2
ISIC_0063399,a0,a0
ISIC_0063424,a0,a0
ISIC_0063428,a0,a3
ISIC_0063453,a0,a2
ISIC_0063457,a0,a2
ISIC_0063464,a0,a2
ISIC_0063493,a0,a2
ISIC_0063512,a0,a2
ISIC_0063516,a1,a2
ISIC_0063537,a3,a2
ISIC_0063544,a1,a1
ISIC_0063546,a0,a2
ISIC_0063565,a1,a1
ISIC_0063568,a1,a3
ISIC_0063575,a0,a2
ISIC_0063585,a0,a0
ISIC_0063594,a0,a0
ISIC_0063613,a3,a3
ISIC_0063617,a3,a0
ISIC_0063628,a0,a2
ISIC_0063636,a0,a3
ISIC_0063651,a0,a3
ISIC_0063681,a0,a0
ISIC_0063702,a0,a2
ISIC_0063705,a3,a2
ISIC_0063725,a0,a3
ISIC_0063736,a1,a1
ISIC_0063739,a0,a0
ISIC_0063747,a0,a2
ISIC_0063748,a0,a1
ISIC_0063769,a0,a2
ISIC_0063807,a0,a1
ISIC_0063808,a0,a1
ISIC_0063819,a0,a2
ISIC_0063827,a0,a1
ISIC_0063843,a0,a1
ISIC_0063853,a2,a3
ISIC_0063859,a1,a2
ISIC_0063871,a0,a1
ISIC_0063895,a1,a0
ISIC_0063910,a0,a0
ISIC_0063924,a1,a0
ISIC_0063928,a0,a2
ISIC_0063930,a0,a1
ISIC_0063946,a0,a2
ISIC_0063952,a0,a3
ISIC_0063956,a0,a0
ISIC_0063961,a3,a3
ISIC_0063976,a0,a1
ISIC_0063994,a0,a2
ISIC_0063998,a0,a2
ISIC_0063999,a0,a2
ISIC_0064009,a0,a1
ISIC_0064022,a0,a2
ISIC_0064026,a0,a3
ISIC_0064066,a0,a3
ISIC_0064069,a0,a2
ISIC_0064072,a1,a0
ISIC_0064080,a1,a2
ISIC_0064101,a0,a3
ISIC_0064107,a1,a3
ISIC_0064110,a0,a1
ISIC_0064120,a0,a3
ISIC_0064125,a0,a0
ISIC_0064139,a0,a0
ISIC_0064152,a0,a3
ISIC_0064160,a0,a0
ISIC_0064167,a0,a3
ISIC_0064189,a1,a1
ISIC_0064201,a1,a0
ISIC_0064220,a0,a2
ISIC_0064226,a0,a2
ISIC_0064239,a2,a0
ISIC_0064276,a2,a2
ISIC_0064279,a0,a3
ISIC_0064289,a1,a0
ISIC_0064300,a1,a2
ISIC_0064301,a0,a2
ISIC_0064306,a0,a0
ISIC_0064308,a1,a3
ISIC_0064310,a0,a1
ISIC_0064316,a0,a2
ISIC_0064326,a2,a0
ISIC_0064351,a1,a1
ISIC_0064354,a0,a0
ISIC_0064356,a1,a1
ISIC_0064365,a0,a2
ISIC_0064367,a0,a0
ISIC_0064370,a0,a0
ISIC_0064384,a1,a2
ISIC_0064385,a0,a1
ISIC_0064389,a1,a2
ISIC_0064396,a0,a1
ISIC_0064398,a0,a0
ISIC_0064403,a0,a0
ISIC_0064406,a0,a3
ISIC_0064428,a0,a1
ISIC_0064456,a1,a2
ISIC_0064457,a0,a0
ISIC_0064462,a0,a3
ISIC_0064463,a0,a2
ISIC_0064474,a0,a1
ISIC_0064475,a0,a0
ISIC_0064488,a1,a3
ISIC_0064493,a0,a0
ISIC_0064494,a1,a2
ISIC_0064509,a0,a0
ISIC_0064517,a0,a3
ISIC_0064519,a1,a2
ISIC_0064522,a1,a1
ISIC_0064523,a0,a0
ISIC_0064529,a1,a2
ISIC_0064541,a0,a1
ISIC_0064557,a0,a0
ISIC_0064561,a1,a0
ISIC_0064567,a1,a2
ISIC_0064574,a1,a0
ISIC_0064608,a0,a2
ISIC_0064619,a0,a3
ISIC_0064624,a0,a2
ISIC_0064640,a0,a2
ISIC_0064649,a0,a2
ISIC_0064659,a1,a0
ISIC_0064672,a0,a1
ISIC_0064675,a0,a1
ISIC_0064681,a0,a2
ISIC_0064684,a0,a3
ISIC_0064707,a0,a0
ISIC_0064727,a1,a1
ISIC_0064734,a1,a1
ISIC_0064742,a0,a1
ISIC_0064751,a1,a2
ISIC_0064767,a1,a2
ISIC_0064768,a0,a2
ISIC_0064781,a0,a1
ISIC_0064782,a3,a2
ISIC_0064785,a0,a3
ISIC_0064796,a0,a2
ISIC_0064805,a0,a2
ISIC_0064815,a0,a1
ISIC_0064843,a0,a0
ISIC_0064845,a0,a0
ISIC_0064860,a0,a3
ISIC_0064865,a0,a2
ISIC_0064866,a0,a2
ISIC_0064868,a1,a2
ISIC_0064903,a0,a0
ISIC_0064908,a0,a0
ISIC_0064909,a0,a3
ISIC_0064922,a0,a0
ISIC_0064926,a0,a3
ISIC_0064951,a3,a1
ISIC_0064961,a1,a2
ISIC_0064965,a0,a0
ISIC_0064969,a0,a2
ISIC_0064980,a0,a3
ISIC_0064982,a0,a0
ISIC_0064998,a1,a0
ISIC_0065023,a0,a3
ISIC_0065031,a1,a2
ISIC_0065033,a1,a1
ISIC_0065034,a0,a2
ISIC_0065039,a1,a1
ISIC_0065041,a3,a2
ISIC_0065083,a1,a2
ISIC_0065084,a2,a2
ISIC_0065105,a0,a2
ISIC_0065111,a0,a0
ISIC_0065115,a0,a3
ISIC_0065120,a0,a3
ISIC_0065121,a1,a3
ISIC_0065128,a0,a2
ISIC_0065129,a0,a1
ISIC_0065140,a1,a2
ISIC_0065141,a1,a2
ISIC_0065146,a1,a2
ISIC_0065161,a0,a0
ISIC_0065173,a0,a3
ISIC_0065229,a3,a3
ISIC_0065235,a0,a3
ISIC_0065245,a0,a2
ISIC_0065253,a0,a1
ISIC_0065261,a0,a0
ISIC_0065273,a3,a2
ISIC_0065276,a0,a2
ISIC_0065279,a0,a2
ISIC_0065290,a0,a0
ISIC_0065297,a0,a1
ISIC_0065302,a1,a1
ISIC_0065324,a0,a3
ISIC_0065341,a1,a1
ISIC_0065355,a2,a1
ISIC_0065357,a1,a0
ISIC_0065360,a3,a1
ISIC_0065362,a0,a2
ISIC_0065372,a1,a0
ISIC_0065379,a1,a3
ISIC_0065387,a0,a1
ISIC_0065394,a0,a0
ISIC_0065397,a0,a2
ISIC_0065401,a1,a2
ISIC_0065415,a0,a1
ISIC_0065429,a0,a1
ISIC_0065436,a0,a0
ISIC_0065458,a1,a0
ISIC_0065514,a3,a1
ISIC_0065542,a0,a0
ISIC_0065547,a1,a2
ISIC_0065569,a0,a2
ISIC_0065586,a3,a0
ISIC_0065597,a0,a1
ISIC_0065598,a0,a2
ISIC_0065600,a1,a1
ISIC_0065601,a1,a0
ISIC_0065603,a0,a1
ISIC_0065605,a0,a2
ISIC_0065612,a0,a2
ISIC_0065622,a2,a3
ISIC_0065636,a0,a0
ISIC_0065645,a0,a0
ISIC_0065649,a0,a2
ISIC_0065655,a0,a3
ISIC_0065662,a1,a2
ISIC_0065668,a1,a3
ISIC_0065672,a1,a2
ISIC_0065687,a3,a1
ISIC_0065688,a0,a1
ISIC_0065700,a0,a1
ISIC_0065718,a0,a0
ISIC_0065725,a2,a2
ISIC_0065746,a0,a3
ISIC_0065768,a0,a2
ISIC_0065773,a1,a0
ISIC_0065779,a1,a0
ISIC_0065791,a0,a0
ISIC_0065797,a1,a2
ISIC_0065805,a1,a2
ISIC_0065810,a0,a0
ISIC_0065816,a0,a2
ISIC_0065826,a0,a2
ISIC_0065828,a1,a2
ISIC_0065833,a0,a0
ISIC_0065853,a0,a2
ISIC_0065854,a0,a0
ISIC_0065876,a0,a3
ISIC_0065877,a0,a2
ISIC_0065880,a0,a1
ISIC_0065881,a1,a1
ISIC_0065882,a0,a0
ISIC_0065889,a0,a2
ISIC_0065892,a0,a2
ISIC_0065893,a0,a2
ISIC_0065918,a0,a2
ISIC_0065927,a1,a2
ISIC_0065969,a1,a0
ISIC_0065977,a1,a1
ISIC_0066003,a0,a1
ISIC_0066010,a0,a2
ISIC_0066017,a1,a0
ISIC_0066029,a0,a3
ISIC_0066048,a1,a0
ISIC_0066058,a0,a2
ISIC_0066061,a1,a3
ISIC_0066062,a0,a2
ISIC_0066108,a0,a1
ISIC_0066113,a2,a0
ISIC_0066115,a1,a2
ISIC_0066129,a0,a1
ISIC_0066130,a3,a0
ISIC_0066138,a0,a3
ISIC_0066144,a0,a2
ISIC_0066150,a1,a3
ISIC_0066153,a0,a0
ISIC_0066166,a0,a1
ISIC_0066174,a1,a0
ISIC_0066182,a0,a1
ISIC_0066195,a0,a1
ISIC_0066211,a1,a0
ISIC_0066213,a2,a3
ISIC_0066220,a0,a2
ISIC_0066221,a0,a2
ISIC_0066238,a0,a2
ISIC_0066240,a0,a3
ISIC_0066247,a0,a2
ISIC_0066254,a0,a0
ISIC_0066262,a0,a3
ISIC_0066279,a1,a0
ISIC_0066292,a0,a1
ISIC_0066300,a0,a0
ISIC_0066308,a0,a3
ISIC_0066319,a3,a3
ISIC_0066325,a1,a3
ISIC_0066327,a0,a0
ISIC_0066331,a0,a2
ISIC_0066338,a0,a0
ISIC_0066349,a0,a1
ISIC_0066354,a0,a3
ISIC_0066358,a0,a2
ISIC_0066360,a0,a2
ISIC_0066377,a0,a2
ISIC_0066378,a1,a3
ISIC_0066389,a0,a1
ISIC_0066391,a0,a2
ISIC_0066393,a0,a0
ISIC_0066398,a1,a2
ISIC_0066399,a0,a3
ISIC_0066430,a1,a0
ISIC_0066431,a0,a3
ISIC_0066442,a0,a2
ISIC_0066450,a0,a1
ISIC_0066458,a0,a0
ISIC_0066473,a1,a2
ISIC_0066475,a0,a0
ISIC_0066478,a0,a2
ISIC_0066482,a0,a2
ISIC_0066500,a0,a0
ISIC_0066519,a0,a2
ISIC_0066527,a1,a0
ISIC_0066563,a0,a2
ISIC_0066564,a0,a2
ISIC_0066565,a0,a0
ISIC_0066585,a0,a1
ISIC_0066593,a0,a3
ISIC_0066595,a0,a2
ISIC_0066603,a1,a0
ISIC_0066618,a1,a0
ISIC_0066621,a0,a0
ISIC_0066651,a0,a0
ISIC_0066653,a0,a1
ISIC_0066659,a1,a3
ISIC_0066661,a0,a2
ISIC_0066678,a0,a2
ISIC_0066684,a3,a3
ISIC_0066685,a0,a3
ISIC_0066695,a0,a3
ISIC_0066696,a1,a3
ISIC_0066702,a0,a2
ISIC_0066706,a1,a1
ISIC_0066709,a0,a0
ISIC_0066719,a0,a0
ISIC_0066725,a0,a2
ISIC_0066754,a1,a2
ISIC_0066776,a0,a1
ISIC_0066777,a0,a1
ISIC_0066790,a0,a2
ISIC_0066796,a1,a0
ISIC_0066807,a0,a1
ISIC_0066818,a1,a1
ISIC_0066823,a0,a2
ISIC_0066825,a0,a1
ISIC_0066826,a3,a2
ISIC_0066828,a1,a0
ISIC_0066830,a0,a2
ISIC_0066854,a1,a2
ISIC_0066862,a2,a2
ISIC_0066872,a0,a2
ISIC_0066873,a0,a0
ISIC_0066884,a0,a0
ISIC_0066895,a0,a0
ISIC_0066913,a0,a2
ISIC_0066914,a0,a0
ISIC_0066932,a0,a2
ISIC_0066935,a1,a3
ISIC_0066951,a0,a2
ISIC_0066954,a0,a1
ISIC_0066960,a0,a0
ISIC_0066965,a1,a2
ISIC_0066983,a0,a0
ISIC_0066998,a2,a0
ISIC_0067002,a1,a2
ISIC_0067007,a0,a1
ISIC_0067029,a0,a2
ISIC_0067052,a1,a2
ISIC_0067061,a3,a1
ISIC_0067108,a0,a1
ISIC_0067114,a1,a0
ISIC_0067120,a0,a1
ISIC_0067137,a0,a2
ISIC_0067141,a1,a1
ISIC_0067153,a1,a0
ISIC_0067175,a1,a2
ISIC_0067180,a0,a2
ISIC_0067219,a0,a2
ISIC_0067250,a0,a0
ISIC_0067264,a0,a3
ISIC_0067269,a2,a2
ISIC_0067277,a0,a0
ISIC_0067281,a0,a2
ISIC_0067282,a1,a0
ISIC_0067295,a0,a2
ISIC_0067305,a1,a2
ISIC_0067311,a0,a0
ISIC_0067319,a0,a0
ISIC_0067320,a1,a0
ISIC_0067326,a0,a0
ISIC_0067337,a1,a2
ISIC_0067338,a0,a0
ISIC_0067342,a1,a0
ISIC_0067345,a0,a0
ISIC_0067348,a0,a0
ISIC_0067371,a0,a0
ISIC_0067391,a0,a0
ISIC_0067394,a0,a2
ISIC_0067411,a1,a3
ISIC_0067420,a2,a2
ISIC_0067431,a0,a0
ISIC_0067458,a0,a0
ISIC_0067498,a0,a0
ISIC_0067511,a0,a2
ISIC_0067514,a1,a0
ISIC_0067565,a0,a3
ISIC_0067567,a0,a3
ISIC_0067601,a1,a3
ISIC_0067605,a0,a2
ISIC_0067620,a0,a0
ISIC_0067631,a0,a0
ISIC_0067632,a0,a2
ISIC_0067638,a1,a2
ISIC_0067642,a2,a2
ISIC_0067662,a1,a0
ISIC_0067663,a0,a1
ISIC_0067680,a0,a2
ISIC_0067689,a0,a3
ISIC_0067696,a1,a3
ISIC_0067699,a1,a3
ISIC_0067704,a0,a1
ISIC_0067715,a0,a0
ISIC_0067718,a0,a0
ISIC_0067723,a0,a1
ISIC_0067727,a1,a1
ISIC_0067734,a1,a1
ISIC_0067738,a0,a0
ISIC_0067743,a1,a1
ISIC_0067747,a2,a0
ISIC_0067751,a0,a1
ISIC_0067755,a0,a0
ISIC_0067760,a0,a0
ISIC_0067773,a0,a0
ISIC_0067780,a1,a2
ISIC_0067789,a0,a3
ISIC_0067799,a3,a2
ISIC_0067839,a0,a2
ISIC_0067850,a1,a2
ISIC_0067860,a0,a0
ISIC_0067863,a0,a2
ISIC_0067882,a0,a2
ISIC_0067887,a0,a0
ISIC_0067890,a0,a3
ISIC_0067914,a0,a3
ISIC_0067924,a0,a2
ISIC_0067927,a3,a3
ISIC_0067972,a0,a0
ISIC_0067983,a1,a1
ISIC_0067993,a0,a3
ISIC_0067995,a0,a2
ISIC_0067997,a1,a0
ISIC_0068000,a1,a0
ISIC_0068003,a0,a0
ISIC_0068011,a0,a3
ISIC_0068028,a0,a0
ISIC_0068046,a0,a0
ISIC_0068054,a0,a3
ISIC_0068057,a0,a1
ISIC_0068058,a3,a0
ISIC_0068063,a0,a1
ISIC_0068067,a0,a2
ISIC_0068074,a1,a3
ISIC_0068087,a0,a1
ISIC_0068089,a1,a2
ISIC_0068090,a0,a0
ISIC_0068098,a1,a0
ISIC_0068105,a1,a0
ISIC_0068109,a0,a2
ISIC_0068112,a0,a2
ISIC_0068118,a0,a2
ISIC_0068119,a0,a3
ISIC_0068129,a1,a3
ISIC_0068138,a0,a2
ISIC_0068155,a1,a0
ISIC_0068158,a1,a0
ISIC_0068166,a1,a2
ISIC_0068171,a3,a0
ISIC_0068223,a1,a3
ISIC_0068224,a2,a0
ISIC_0068229,a0,a2
ISIC_0068251,a0,a2
ISIC_0068264,a1,a2
ISIC_0068276,a0,a1
ISIC_0068281,a0,a2
ISIC_0068291,a1,a2
ISIC_0068295,a1,a0
ISIC_0068299,a3,a3
ISIC_0068318,a1,a2
ISIC_0068325,a0,a2
ISIC_0068334,a0,a2
ISIC_0068344,a3,a0
ISIC_0068354,a0,a2
ISIC_0068381,a0,a3
ISIC_0068383,a0,a3
ISIC_0068386,a1,a0
ISIC_0068388,a1,a1
ISIC_0068390,a0,a1
ISIC_0068394,a1,a2
ISIC_0068402,a2,a2
ISIC_0068403,a0,a2
ISIC_0068438,a0,a3
ISIC_0068460,a1,a3
ISIC_0068471,a0,a0
ISIC_0068488,a0,a3
ISIC_0068496,a0,a3
ISIC_0068504,a0,a3
ISIC_0068525,a0,a0
ISIC_0068533,a3,a2
ISIC_0068555,a0,a3
ISIC_0068560,a0,a0
ISIC_0068573,a0,a1
ISIC_0068576,a3,a1
ISIC_0068597,a0,a2
ISIC_0068601,a0,a1
ISIC_0068602,a0,a0
ISIC_0068616,a0,a3
ISIC_0068617,a1,a2
ISIC_0068646,a0,a3
ISIC_0068661,a0,a0
ISIC_0068664,a0,a2
ISIC_0068668,a0,a0
ISIC_0068675,a0,a0
ISIC_0068677,a0,a2
ISIC_0068685,a1,a1
ISIC_0068696,a1,a3
ISIC_0068699,a1,a2
ISIC_0068701,a0,a2
ISIC_0068729,a0,a2
ISIC_0068734,a0,a0
ISIC_0068737,a0,a0
ISIC_0068740,a0,a0
ISIC_0068747,a0,a3
ISIC_0068777,a0,a2
ISIC_0068783,a0,a2
ISIC_0068791,a3,a1
ISIC_0068814,a0,a3
ISIC_0068837,a0,a0
ISIC_0068847,a0,a2
ISIC_0068849,a0,a1
ISIC_0068856,a2,a2
ISIC_0068861,a0,a2
ISIC_0068862,a0,a2
ISIC_0068863,a0,a3
ISIC_0068881,a0,a3
ISIC_0068890,a2,a2
ISIC_0068893,a0,a0
ISIC_0068906,a2,a3
ISIC_0068928,a0,a3
ISIC_0068935,a0,a0
ISIC_0068950,a3,a3
ISIC_0068955,a0,a1
ISIC_0068983,a0,a1
ISIC_0068991,a0,a1
ISIC_0068994,a0,a0
ISIC_0068995,a0,a2
ISIC_0069003,a2,a1
ISIC_0069011,a1,a2
ISIC_0069020,a0,a2
ISIC_0069039,a0,a0
ISIC_0069047,a0,a2
ISIC_0069049,a0,a1
ISIC_0069050,a1,a0
ISIC_0069063,a0,a3
ISIC_0069066,a0,a1
ISIC_0069085,a0,a0
ISIC_0069087,a0,a2
ISIC_0069106,a2,a1
ISIC_0069119,a3,a2
ISIC_0069120,a0,a0
ISIC_0069125,a0,a3
ISIC_0069135,a3,a2
ISIC_0069141,a1,a2
ISIC_0069142,a0,a3
ISIC_0069143,a0,a0
ISIC_0069145,a0,a0
ISIC_0069161,a0,a2
ISIC_0069167,a0,a3
ISIC_0069168,a0,a1
ISIC_0069174,a2,a1
ISIC_0069193,a0,a3
ISIC_0069198,a1,a1
ISIC_0069219,a1,a2
ISIC_0069248,a0,a3
ISIC_0069250,a1,a3
ISIC_0069251,a3,a2
ISIC_0069267,a0,a2
ISIC_0069268,a0,a2
ISIC_0069269,a1,a2
ISIC_0069283,a1,a2
ISIC_0069284,a0,a2
ISIC_0069291,a0,a1
ISIC_0069306,a0,a2
ISIC_0069349,a0,a1
ISIC_0069365,a2,a2
ISIC_0069388,a0,a2
ISIC_0069391,a2,a0
ISIC_0069395,a1,a2
ISIC_0069396,a0,a0
ISIC_0069410,a0,a2
ISIC_0069414,a0,a0
ISIC_0069419,a0,a1
ISIC_0069439,a0,a0
ISIC_0069449,a1,a0
ISIC_0069460,a0,a1
ISIC_0069464,a0,a2
ISIC_0069472,a0,a2
ISIC_0069478,a1,a1
ISIC_0069481,a3,a0
ISIC_0069483,a0,a1
ISIC_0069487,a1,a1
ISIC_0069503,a0,a2
ISIC_0069507,a0,a1
ISIC_0069515,a3,a2
ISIC_0069532,a0,a3
ISIC_0069533,a0,a2
ISIC_0069535,a0,a2
ISIC_0069537,a2,a2
ISIC_0069552,a0,a0
ISIC_0069553,a2,a2
ISIC_0069556,a0,a3
ISIC_0069558,a0,a3
ISIC_0069570,a1,a0
ISIC_0069575,a0,a2
ISIC_0069590,a2,a1
ISIC_0069591,a0,a1
ISIC_0069592,a0,a1
ISIC_0069593,a0,a3
ISIC_0069605,a2,a0
ISIC_0069606,a1,a1
ISIC_0069617,a0,a1
ISIC_0069626,a1,a1
ISIC_0069633,a0,a0
ISIC_0069635,a0,a2
ISIC_0069638,a0,a3
ISIC_0069658,a0,a2
ISIC_0069666,a0,a0
ISIC_0069668,a3,a2
ISIC_0069678,a0,a3
ISIC_0069683,a0,a2
ISIC_0069686,a0,a0
ISIC_0069698,a0,a1
ISIC_0069706,a0,a3
ISIC_0069707,a0,a0
ISIC_0069709,a2,a2
ISIC_0069727,a0,a2
ISIC_0069734,a2,a3
ISIC_0069738,a0,a0
ISIC_0069740,a3,a0
ISIC_0069754,a0,a2
ISIC_0069760,a1,a2
ISIC_0069763,a0,a0
ISIC_0069770,a0,a0
ISIC_0069796,a0,a2
ISIC_0069813,a0,a2
ISIC_0069826,a0,a0
ISIC_0069828,a0,a2
ISIC_0069832,a1,a0
ISIC_0069837,a3,a0
ISIC_0069849,a0,a2
ISIC_0069865,a0,a3
ISIC_0069869,a0,a1
ISIC_0069886,a0,a1
ISIC_0069889,a0,a3
ISIC_0069901,a0,a3
ISIC_0069919,a0,a3
ISIC_0069939,a2,a3
ISIC_0069941,a0,a1
ISIC_0069952,a3,a0
ISIC_0069956,a1,a3
ISIC_0069990,a0,a0
ISIC_0069998,a1,a3
ISIC_0070003,a0,a2
ISIC_0070006,a0,a3
ISIC_0070009,a0,a3
ISIC_0070018,a0,a2
ISIC_0070020,a0,a3
ISIC_0070021,a0,a2
ISIC_0070027,a3,a2
ISIC_0070039,a0,a2
ISIC_0070042,a1,a1
ISIC_0070048,a0,a0
ISIC_0070057,a1,a1
ISIC_0070072,a0,a1
ISIC_0070074,a0,a3
ISIC_0070077,a1,a0
ISIC_0070081,a0,a2
ISIC_0070085,a0,a3
ISIC_0070108,a0,a3
ISIC_0070111,a0,a3
ISIC_0070120,a0,a2
ISIC_0070143,a0,a2
ISIC_0070151,a1,a2
ISIC_0070154,a0,a2
ISIC_0070164,a0,a2
ISIC_0070171,a1,a0
ISIC_0070176,a0,a2
ISIC_0070190,a0,a2
ISIC_0070195,a0,a1
ISIC_0070200,a0,a2
ISIC_0070217,a0,a1
ISIC_0070219,a0,a1
ISIC_0070226,a0,a1
ISIC_0070246,a0,a2
ISIC_0070256,a0,a1
ISIC_0070281,a0,a0
ISIC_0070287,a0,a1
ISIC_0070312,a0,a2
ISIC_0070345,a0,a2
ISIC_0070350,a0,a2
ISIC_0070353,a1,a0
ISIC_0070380,a0,a3
ISIC_0070392,a1,a1
ISIC_0070404,a0,a0
ISIC_0070406,a0,a2
ISIC_0070410,a3,a3
ISIC_0070415,a0,a2
ISIC_0070430,a2,a2
ISIC_0070438,a0,a0
ISIC_0070469,a0,a0
ISIC_0070489,a0,a3
ISIC_0070498,a0,a0
ISIC_0070501,a0,a2
ISIC_0070503,a2,a1
ISIC_0070529,a0,a2
ISIC_0070532,a0,a2
ISIC_0070534,a0,a2
ISIC_0070551,a0,a0
ISIC_0070561,a0,a3
ISIC_0070564,a0,a0
ISIC_0070565,a2,a0
ISIC_0070580,a0,a0
ISIC_0070601,a0,a2
ISIC_0070613,a1,a0
ISIC_0070616,a0,a2
ISIC_0070626,a1,a0
ISIC_0070629,a0,a1
ISIC_0070631,a3,a3
ISIC_0070647,a1,a2
ISIC_0070659,a0,a1
ISIC_0070681,a1,a2
ISIC_0070696,a0,a0
ISIC_0070698,a0,a0
ISIC_0070713,a0,a2
ISIC_0070716,a0,a2
ISIC_0070721,a1,a2
ISIC_0070730,a0,a1
ISIC_0070744,a0,a2
ISIC_0070765,a0,a0
ISIC_0070779,a1,a0
ISIC_0070782,a0,a0
ISIC_0070800,a0,a0
ISIC_0070815,a0,a1
ISIC_0070833,a0,a2
ISIC_0070834,a3,a0
ISIC_0070844,a0,a2
ISIC_0070846,a0,a2
ISIC_0070853,a0,a2
ISIC_0070862,a1,a0
ISIC_0070875,a3,a0
ISIC_0070885,a0,a0
ISIC_0070888,a3,a2
ISIC_0070889,a0,a0
ISIC_0070891,a0,a2
ISIC_0070892,a3,a2
ISIC_0070898,a0,a0
ISIC_0070900,a1,a1
ISIC_0070920,a0,a3
ISIC_0070922,a1,a3
ISIC_0070927,a0,a2
ISIC_0070947,a1,a1
ISIC_0070956,a1,a2
ISIC_0070963,a0,a2
ISIC_0070976,a0,a2
ISIC_0070997,a0,a2
ISIC_0071012,a0,a2
ISIC_0071024,a1,a2
ISIC_0071040,a0,a3
ISIC_0071041,a0,a1
ISIC_0071048,a0,a3
ISIC_0071056,a0,a1
ISIC_0071058,a0,a2
ISIC_0071066,a0,a0
ISIC_0071075,a0,a0
ISIC_0071102,a0,a2
ISIC_0071104,a1,a0
ISIC_0071118,a3,a0
ISIC_0071139,a1,a1
ISIC_0071140,a0,a0
ISIC_0071151,a0,a2
ISIC_0071163,a1,a2
ISIC_0071168,a0,a0
ISIC_0071169,a1,a3
ISIC_0071171,a1,a0
ISIC_0071186,a3,a2
ISIC_0071194,a1,a0
ISIC_0071195,a3,a0
ISIC_0071197,a1,a3
ISIC_0071199,a0,a2
ISIC_0071208,a0,a2
ISIC_0071214,a1,a0
ISIC_0071230,a2,a0
ISIC_0071241,a0,a2
ISIC_0071257,a3,a1
ISIC_0071267,a0,a2
ISIC_0071289,a3,a3
ISIC_0071302,a0,a1
ISIC_0071313,a1,a2
ISIC_0071316,a0,a3
ISIC_0071321,a1,a3
ISIC_0071326,a1,a2
ISIC_0071346,a0,a2
ISIC_0071374,a2,a1
ISIC_0071381,a0,a2
ISIC_0071389,a1,a0
ISIC_0071418,a0,a1
ISIC_0071432,a0,a0
ISIC_0071434,a3,a3
ISIC_0071437,a0,a1
ISIC_0071479,a1,a2
ISIC_0071480,a0,a3
ISIC_0071492,a1,a3
ISIC_0071493,a0,a0
ISIC_0071506,a0,a1
ISIC_0071537,a0,a3
ISIC_0071538,a1,a2
ISIC_0071540,a1,a2
ISIC_0071555,a0,a2
ISIC_0071564,a0,a2
ISIC_0071572,a1,a2
ISIC_0071576,a0,a0
ISIC_0071580,a0,a3
ISIC_0071590,a0,a0
ISIC_0071604,a1,a1
ISIC_0071606,a0,a2
ISIC_0071615,a0,a0
ISIC_0071616,a0,a1
ISIC_0071619,a1,a1
ISIC_0071625,a1,a0
ISIC_0071630,a0,a0
ISIC_0071648,a3,a3
ISIC_0071666,a1,a1
ISIC_0071668,a0,a0
ISIC_0071674,a1,a0
ISIC_0071682,a0,a2
ISIC_0071697,a1,a2
ISIC_0071724,a0,a0
ISIC_0071727,a0,a2
ISIC_0071730,a0,a2
ISIC_0071748,a3,a0
ISIC_0071758,a1,a2
ISIC_0071767,a1,a3
ISIC_0071768,a0,a3
ISIC_0071772,a0,a1
ISIC_0071779,a0,a2
ISIC_0071782,a0,a3
ISIC_0071796,a0,a3
ISIC_0071827,a0,a3
ISIC_0071834,a1,a1
ISIC_0071843,a1,a1
ISIC_0071848,a0,a0
ISIC_0071871,a0,a2
ISIC_0071880,a0,a1
ISIC_0071883,a3,a0
ISIC_0071885,a0,a2
ISIC_0071886,a1,a0
ISIC_0071889,a3,a2
ISIC_0071898,a0,a2
ISIC_0071920,a0,a2
ISIC_0071930,a0,a1
ISIC_0071932,a0,a2
ISIC_0071944,a0,a2
ISIC_0071954,a0,a0
ISIC_0071957,a0,a0
ISIC_0071964,a1,a0
ISIC_0071979,a0,a0
ISIC_0071985,a1,a2
ISIC_0071988,a0,a3
ISIC_0071992,a0,a2
ISIC_0072005,a0,a3
ISIC_0072015,a0,a0
ISIC_0072018,a0,a1
ISIC_0072021,a0,a3
ISIC_0072029,a0,a2
ISIC_0072035,a0,a1
ISIC_0072045,a3,a2
ISIC_0072051,a2,a1
ISIC_0072063,a0,a3
ISIC_0072066,a1,a3
ISIC_0072085,a0,a0
ISIC_0072086,a0,a2
ISIC_0072092,a3,a2
ISIC_0072107,a0,a1
ISIC_0072111,a0,a3
ISIC_0072125,a0,a2
ISIC_0072129,a3,a2
ISIC_0072134,a0,a2
ISIC_0072135,a0,a2
ISIC_0072143,a0,a2
ISIC_0072152,a0,a2
ISIC_0072157,a1,a3
ISIC_0072172,a0,a0
ISIC_0072175,a1,a3
ISIC_0072186,a0,a2
ISIC_0072189,a0,a3
ISIC_0072194,a0,a3
ISIC_0072207,a0,a1
ISIC_0072211,a0,a1
ISIC_0072223,a0,a3
ISIC_0072250,a3,a2
ISIC_0072251,a2,a2
ISIC_0072266,a0,a2
ISIC_0072283,a0,a0
ISIC_0072284,a0,a0
ISIC_0072296,a0,a1
ISIC_0072318,a1,a2
ISIC_0072340,a0,a1
ISIC_0072343,a0,a1
ISIC_0072345,a3,a2
ISIC_0072353,a1,a3
ISIC_0072357,a0,a0
ISIC_0072368,a1,a0
ISIC_0072371,a0,a0
ISIC_0072382,a0,a3
ISIC_0072383,a0,a3
ISIC_0072393,a0,a2
ISIC_0072394,a1,a1
ISIC_0072412,a0,a0
ISIC_0072418,a1,a3
ISIC_0072434,a0,a1
ISIC_0072448,a0,a1
ISIC_0072451,a0,a1
ISIC_0072463,a1,a2
ISIC_0072472,a0,a1
ISIC_0072485,a0,a0
ISIC_0072488,a0,a0
ISIC_0072499,a0,a2
ISIC_0072501,a0,a3
ISIC_0072505,a0,a0
ISIC_0072506,a3,a2
ISIC_0072516,a0,a3
ISIC_0072519,a0,a2
ISIC_0072520,a2,a2
ISIC_0072522,a1,a1
ISIC_0072559,a2,a0
ISIC_0072564,a0,a3
ISIC_0072568,a0,a2
ISIC_0072574,a0,a2
ISIC_0072576,a0,a0
ISIC_0072585,a0,a0
ISIC_0072627,a0,a2
ISIC_0072628,a3,a2
ISIC_0072633,a0,a0
ISIC_0072637,a0,a1
ISIC_0072638,a0,a2
ISIC_0072646,a1,a1
ISIC_0072648,a0,a0
ISIC_0072676,a0,a2
ISIC_0072687,a0,a0
ISIC_0072694,a0,a0
ISIC_0072698,a0,a2
ISIC_0072708,a0,a2
ISIC_0072729,a0,a3
ISIC_0072739,a0,a2
ISIC_0072744,a0,a2
ISIC_0072748,a0,a3
ISIC_0072749,a1,a2
ISIC_0072754,a0,a1
ISIC_0072755,a1,a3
ISIC_0072772,a0,a2
ISIC_0072784,a1,a3
ISIC_0072820,a0,a3
ISIC_0072822,a0,a0
ISIC_0072833,a1,a2
ISIC_0072836,a0,a0
ISIC_0072839,a1,a3
ISIC_0072846,a0,a1
ISIC_0072856,a0,a2
ISIC_0072859,a3,a2
ISIC_0072864,a0,a1
ISIC_0072874,a1,a0
ISIC_0072876,a2,a2
ISIC_0072900,a0,a2
ISIC_0072901,a0,a1
ISIC_0072910,a0,a2
ISIC_0072929,a0,a0
ISIC_0072965,a1,a0
ISIC_0072966,a0,a3
ISIC_0072977,a0,a3
ISIC_0072988,a0,a1
ISIC_0072994,a1,a2
ISIC_0073002,a0,a2
ISIC_0073009,a0,a1
ISIC_0073016,a0,a3
ISIC_0073023,a0,a2
ISIC_0073027,a0,a0
ISIC_0073030,a3,a2
ISIC_0073032,a2,a3
ISIC_0073035,a1,a1
ISIC_0073058,a0,a0
ISIC_0073063,a0,a2
ISIC_0073072,a1,a0
ISIC_0073075,a0,a0
ISIC_0073081,a0,a2
ISIC_0073088,a1,a2
ISIC_0073109,a1,a2
ISIC_0073127,a3,a1
ISIC_0073128,a0,a2
ISIC_0073135,a0,a0
ISIC_0073140,a0,a1
ISIC_0073159,a1,a0
ISIC_0073168,a0,a2
ISIC_0073198,a0,a2
ISIC_0073199,a0,a0
ISIC_0073202,a1,a1
ISIC_0073205,a1,a1
ISIC_0073207,a3,a1
ISIC_0073209,a0,a3
ISIC_0073222,a0,a0
ISIC_0073224,a1,a2
ISIC_0073225,a2,a1
ISIC_0073238,a0,a2
ISIC_0073240,a0,a0
ISIC_0073245,a2,a0
ISIC_0073246,a3,a2
ISIC_0073249,a1,a3
